{
    "data": [
      {
        "file_name": "input_1.json",
        "product_name": "Quýt Úc - 1kg",
        "price": 179000,
        "average_positive": 0.8360330188879743,
        "average_negative": 0.08205079077742994,
        "average_neutral": 0.08191619363899988
      },
      {
        "file_name": "input_2.json",
        "product_name": "Táo xanh Mỹ - 1kg",
        "price": 139000,
        "average_positive": 0.7249405288152517,
        "average_negative": 0.14098561401929585,
        "average_neutral": 0.13407385685751516
      },
      {
        "file_name": "input_3.json",
        "product_name": "Dưa Đài Loan - 1 quả",
        "price": 199000,
        "average_positive": 0.992931604385376,
        "average_negative": 0.0018554400885477662,
        "average_neutral": 0.005212998948991299
      },
      {
        "file_name": "input_4.json",
        "product_name": "Giỏ Quả Trái Cây Nhập Khẩu - Cỡ bé",
        "price": 399000,
        "average_positive": 0.00610581086948514,
        "average_negative": 0.9832445383071899,
        "average_neutral": 0.010649672709405422
      },
      {
        "file_name": "input_5.json",
        "product_name": "Nho xanh không hạt Mỹ - 1kg",
        "price": 329000,
        "average_positive": 0.91958087682724,
        "average_negative": 0.007941917516291142,
        "average_neutral": 0.07247722148895264
      },
      {
        "file_name": "input_6.json",
        "product_name": "Nho sữa Hàn Quốc - 1 chùm",
        "price": 699000,
        "average_positive": 0.9928223490715027,
        "average_negative": 0.0016310771461576223,
        "average_neutral": 0.005546685308218002
      },
      {
        "file_name": "input_7.json",
        "product_name": "Lê Nâu Hàn Quốc - 1kg",
        "price": 149000,
        "average_positive": 0.9872046709060669,
        "average_negative": 0.003788774600252509,
        "average_neutral": 0.009006624110043049
      },
      {
        "file_name": "input_8.json",
        "product_name": "Combo 5 quả táo Envy size 100",
        "price": 229000,
        "average_positive": 0.9907463788986206,
        "average_negative": 0.0029474005568772554,
        "average_neutral": 0.006306190975010395
      },
      {
        "file_name": "input_9.json",
        "product_name": "Cam vàng Mỹ - 1kg",
        "price": 159000,
        "average_positive": 0.9922404289245605,
        "average_negative": 0.002092314651235938,
        "average_neutral": 0.005667240358889103
      },
      {
        "file_name": "input_10.json",
        "product_name": "Kim quất ngọt Đài Loan - 500g",
        "price": 75000,
        "average_positive": 0.9928606152534485,
        "average_negative": 0.001736247562803328,
        "average_neutral": 0.005403115879744291
      },
      {
        "file_name": "input_11.json",
        "product_name": "Giỏ Quả Trái Cây Nhập Khẩu - Cỡ đại",
        "price": 1499000,
        "average_positive": 0.9928637146949768,
        "average_negative": 0.0017141938442364335,
        "average_neutral": 0.005422172602266073
      },
      {
        "file_name": "input_12.json",
        "product_name": "Việt quất Peru - 125g",
        "price": 109000,
        "average_positive": 0.9863389730453491,
        "average_negative": 0.0022323052398860455,
        "average_neutral": 0.011428753845393658
      },
      {
        "file_name": "input_13.json",
        "product_name": "Mây Indo - hàng VIP loại 1 - 1kg",
        "price": 299000,
        "average_positive": 0.9929516911506653,
        "average_negative": 0.0018313125474378467,
        "average_neutral": 0.005216956604272127
      },
      {
        "file_name": "input_14.json",
        "product_name": "Nho đen không hạt Úc - 1kg",
        "price": 249000,
        "average_positive": 0.7249405288152517,
        "average_negative": 0.14098561401929585,
        "average_neutral": 0.42142486572265625
      },
      {
        "file_name": "input_15.json",
        "product_name": "Giỏ quả Trái Cây Nhập Khẩu - Cỡ to",
        "price": 999000,
        "average_positive": 0.5306688547134399,
        "average_negative": 0.02815299853682518,
        "average_neutral": 0.08191619344117818
      },
      {
        "file_name": "input_16.json",
        "product_name": "Giỏ Quả Trái Cây Nhập Khẩu - Cỡ vừa",
        "price": 599000,
        "average_positive": 0.360687792301178,
        "average_negative": 0.21788734197616577,
        "average_neutral": 0.42142486572265625
      },
      {
        "file_name": "input_17.json",
        "product_name": "Giỏ Quả Trái Cây Nhập Khẩu - Cỡ nhỡ",
        "price": 799000,
        "average_positive": 0.07671651989221573,
        "average_negative": 0.27715709805488586,
        "average_neutral": 0.6461263298988342
      },
      {
        "file_name": "input_18.json",
        "product_name": "Dâu tây Hana Mộc Châu - 500g",
        "price": 79000,
        "average_positive": 0.9912092685699463,
        "average_negative": 0.00214094459079206,
        "average_neutral": 0.006649766117334366
      },
      {
        "file_name": "input_19.json",
        "product_name": "Cherry Úc/New Zealand",
        "price": 779000,
        "average_positive": 0.9918387532234192,
        "average_negative": 0.0018784141866490245,
        "average_neutral": 0.0062828101217746735
      },
      {
        "file_name": "input_20.json",
        "product_name": "Táo Envy size 30/35 - 1kg",
        "price": 299000,
        "average_positive": 0.9920255541801453,
        "average_negative": 0.0016243008431047201,
        "average_neutral": 0.006350086070597172
      }
    ]
  }
  