[
    {
        "product_name": "Dell 14 inch",
        "price": 22207000,
        "positive": 0.00610581086948514,
        "negative": 0.9832445383071899,
        "neutral": 0.010649672709405422
    },
    {
        "product_name": "Dell 14 inch",
        "price": 25234000,
        "positive": 0.9928592443466187,
        "negative": 0.0016435147263109684,
        "neutral": 0.005497252102941275
    },
    {
        "product_name": "Dell 14 inch",
        "price": 25802000,
        "positive": 0.992931604385376,
        "negative": 0.0018554400885477662,
        "neutral": 0.005212998948991299
    },
    {
        "product_name": "Dell 14 inch",
        "price": 9303000,
        "positive": 0.9928606152534485,
        "negative": 0.001736247562803328,
        "neutral": 0.005403115879744291
    },
    {
        "product_name": "Dell 14 inch",
        "price": 15765000,
        "positive": 0.9928223490715027,
        "negative": 0.0016310771461576223,
        "neutral": 0.005546685308218002
    },
    {
        "product_name": "Dell 14 inch",
        "price": 15045000,
        "positive": 0.91958087682724,
        "negative": 0.007941917516291142,
        "neutral": 0.07247722148895264
    },
    {
        "product_name": "Dell 14 inch",
        "price": 7101000,
        "positive": 0.9907463788986206,
        "negative": 0.0029474005568772554,
        "neutral": 0.006306190975010395
    },
    {
        "product_name": "Dell 14 inch",
        "price": 10109000,
        "positive": 0.9872046709060669,
        "negative": 0.003788774600252509,
        "neutral": 0.009006624110043049
    },
    {
        "product_name": "Dell 14 inch",
        "price": 10568000,
        "positive": 0.9922404289245605,
        "negative": 0.002092314651235938,
        "neutral": 0.005667240358889103
    },
    {
        "product_name": "Dell 14 inch",
        "price": 10992000,
        "positive": 0.9920255541801453,
        "negative": 0.0016243008431047201,
        "neutral": 0.006350086070597172
    },
    {
        "product_name": "Dell 14 inch",
        "price": 18353000,
        "positive": 0.9928637146949768,
        "negative": 0.0017141938442364335,
        "neutral": 0.005422172602266073
    },
    {
        "product_name": "Dell 14 inch",
        "price": 25016000,
        "positive": 0.9929516911506653,
        "negative": 0.0018313125474378467,
        "neutral": 0.005216956604272127
    },
    {
        "product_name": "Dell 14 inch",
        "price": 27897000,
        "positive": 0.07671651989221573,
        "negative": 0.27715709805488586,
        "neutral": 0.6461263298988342
    },
    {
        "product_name": "Dell 14 inch",
        "price": 27081000,
        "positive": 0.9863389730453491,
        "negative": 0.0022323052398860455,
        "neutral": 0.011428753845393658
    },
    {
        "product_name": "Dell 14 inch",
        "price": 18401000,
        "positive": 0.360687792301178,
        "negative": 0.21788734197616577,
        "neutral": 0.42142486572265625
    },
    {
        "product_name": "Dell 14 inch",
        "price": 17778000,
        "positive": 0.5306688547134399,
        "negative": 0.02815299853682518,
        "neutral": 0.44117817282676697
    },
    {
        "product_name": "Dell 14 inch",
        "price": 24951000,
        "positive": 0.9918387532234192,
        "negative": 0.0018784141866490245,
        "neutral": 0.0062828101217746735
    },
    {
        "product_name": "Dell 14 inch",
        "price": 18673000,
        "positive": 0.9912092685699463,
        "negative": 0.00214094459079206,
        "neutral": 0.006649766117334366
    },
    {
        "product_name": "Dell 14 inch",
        "price": 29382000,
        "positive": 0.9927133917808533,
        "negative": 0.0022000574972480536,
        "neutral": 0.005086546763777733
    },
    {
        "product_name": "Dell 14 inch",
        "price": 22337000,
        "positive": 0.97699373960495,
        "negative": 0.0018470927607268095,
        "neutral": 0.021159207448363304
    },
    {
        "product_name": "Dell 14 inch",
        "price": 18391000,
        "positive": 0.9929304122924805,
        "negative": 0.0019043110078200698,
        "neutral": 0.005165277048945427
    },
    {
        "product_name": "Dell 14 inch",
        "price": 6976000,
        "positive": 0.9929348826408386,
        "negative": 0.0019398392178118229,
        "neutral": 0.005125247873365879
    },
    {
        "product_name": "Dell 14 inch",
        "price": 5300000,
        "positive": 0.0956643745303154,
        "negative": 0.08017860352993011,
        "neutral": 0.8241569995880127
    },
    {
        "product_name": "Dell 14 inch",
        "price": 22234000,
        "positive": 0.9865140318870544,
        "negative": 0.003035950940102339,
        "neutral": 0.010449950583279133
    },
    {
        "product_name": "Dell 14 inch",
        "price": 11732000,
        "positive": 0.9633029699325562,
        "negative": 0.008594619110226631,
        "neutral": 0.028102492913603783
    },
    {
        "product_name": "Dell 14 inch",
        "price": 7186000,
        "positive": 0.0764637142419815,
        "negative": 0.03143042325973511,
        "neutral": 0.8921058773994446
    },
    {
        "product_name": "Dell 14 inch",
        "price": 5755000,
        "positive": 0.15049374103546143,
        "negative": 0.02181972935795784,
        "neutral": 0.8276865482330322
    },
    {
        "product_name": "Dell 14 inch",
        "price": 16478000,
        "positive": 0.00924490112811327,
        "negative": 0.9441052079200745,
        "neutral": 0.046649858355522156
    },
    {
        "product_name": "Dell 14 inch",
        "price": 24439000,
        "positive": 0.972936749458313,
        "negative": 0.002931528026238084,
        "neutral": 0.024131808429956436
    },
    {
        "product_name": "Dell 14 inch",
        "price": 14581000,
        "positive": 0.99290931224823,
        "negative": 0.0018281162483617663,
        "neutral": 0.005262610036879778
    },
    {
        "product_name": "Dell 14 inch",
        "price": 21162000,
        "positive": 0.9923382997512817,
        "negative": 0.0020132772624492645,
        "neutral": 0.005648433230817318
    },
    {
        "product_name": "Dell 14 inch",
        "price": 25667000,
        "positive": 0.9924112558364868,
        "negative": 0.0019738401751965284,
        "neutral": 0.005615027155727148
    },
    {
        "product_name": "Dell 14 inch",
        "price": 11823000,
        "positive": 0.5471900701522827,
        "negative": 0.010924695059657097,
        "neutral": 0.44188517332077026
    },
    {
        "product_name": "Dell 14 inch",
        "price": 24920000,
        "positive": 0.06978841125965118,
        "negative": 0.13928839564323425,
        "neutral": 0.7909231781959534
    },
    {
        "product_name": "Dell 14 inch",
        "price": 15233000,
        "positive": 0.9921603798866272,
        "negative": 0.0020722628105431795,
        "neutral": 0.005767338443547487
    },
    {
        "product_name": "Dell 14 inch",
        "price": 5754000,
        "positive": 0.008871195837855339,
        "negative": 0.9519165754318237,
        "neutral": 0.03921223431825638
    },
    {
        "product_name": "Dell 14 inch",
        "price": 6042000,
        "positive": 0.4190062880516052,
        "negative": 0.04981139674782753,
        "neutral": 0.5311823487281799
    },
    {
        "product_name": "Dell 14 inch",
        "price": 7079000,
        "positive": 0.08729401230812073,
        "negative": 0.5386884212493896,
        "neutral": 0.3740175664424896
    },
    {
        "product_name": "Dell 14 inch",
        "price": 10749000,
        "positive": 0.9750087857246399,
        "negative": 0.002540555549785495,
        "neutral": 0.022450633347034454
    },
    {
        "product_name": "Dell 14 inch",
        "price": 16727000,
        "positive": 0.004329510498791933,
        "negative": 0.9872944951057434,
        "neutral": 0.008375930599868298
    },
    {
        "product_name": "Dell 14 inch",
        "price": 21880000,
        "positive": 0.004173023160547018,
        "negative": 0.9837499260902405,
        "neutral": 0.012077007442712784
    },
    {
        "product_name": "Dell 14 inch",
        "price": 6500000,
        "positive": 0.992901623249054,
        "negative": 0.0019440207397565246,
        "neutral": 0.005154397804290056
    },
    {
        "product_name": "Dell 14 inch",
        "price": 7070000,
        "positive": 0.1373414844274521,
        "negative": 0.03952780365943909,
        "neutral": 0.8231306672096252
    },
    {
        "product_name": "Dell 14 inch",
        "price": 27276000,
        "positive": 0.9896596074104309,
        "negative": 0.0014885885175317526,
        "neutral": 0.008851729333400726
    },
    {
        "product_name": "Dell 14 inch",
        "price": 23427000,
        "positive": 0.044449616223573685,
        "negative": 0.4512086510658264,
        "neutral": 0.5043417811393738
    },
    {
        "product_name": "Dell 14 inch",
        "price": 21311000,
        "positive": 0.9928510189056396,
        "negative": 0.0017291015246883035,
        "neutral": 0.0054198880679905415
    },
    {
        "product_name": "Dell 14 inch",
        "price": 18387000,
        "positive": 0.10701140016317368,
        "negative": 0.22893032431602478,
        "neutral": 0.6640582084655762
    },
    {
        "product_name": "Dell 14 inch",
        "price": 21670000,
        "positive": 0.7829620242118835,
        "negative": 0.03024180233478546,
        "neutral": 0.186796173453331
    },
    {
        "product_name": "Dell 14 inch",
        "price": 11849000,
        "positive": 0.0492776483297348,
        "negative": 0.050968658179044724,
        "neutral": 0.8997536897659302
    },
    {
        "product_name": "Dell 14 inch",
        "price": 12436000,
        "positive": 0.9928659200668335,
        "negative": 0.001776000834070146,
        "neutral": 0.005358112044632435
    },
    {
        "product_name": "Dell 14 inch",
        "price": 10569000,
        "positive": 0.4436737895011902,
        "negative": 0.036264218389987946,
        "neutral": 0.5200619697570801
    },
    {
        "product_name": "Dell 14 inch",
        "price": 20698000,
        "positive": 0.18298588693141937,
        "negative": 0.040436211973428726,
        "neutral": 0.7765779495239258
    },
    {
        "product_name": "Dell 14 inch",
        "price": 10991000,
        "positive": 0.9928154945373535,
        "negative": 0.0016184545820578933,
        "neutral": 0.0055660041980445385
    },
    {
        "product_name": "Dell 14 inch",
        "price": 29987000,
        "positive": 0.12801161408424377,
        "negative": 0.08333797007799149,
        "neutral": 0.7886504530906677
    },
    {
        "product_name": "Dell 14 inch",
        "price": 26460000,
        "positive": 0.9928897619247437,
        "negative": 0.001970981014892459,
        "neutral": 0.005139289889484644
    },
    {
        "product_name": "Dell 14 inch",
        "price": 10023000,
        "positive": 0.9922105073928833,
        "negative": 0.0019919767510145903,
        "neutral": 0.0057975552044808865
    },
    {
        "product_name": "Dell 14 inch",
        "price": 14107000,
        "positive": 0.9897017478942871,
        "negative": 0.0014475935604423285,
        "neutral": 0.008850603364408016
    },
    {
        "product_name": "Dell 14 inch",
        "price": 16466000,
        "positive": 0.008404293097555637,
        "negative": 0.9613641500473022,
        "neutral": 0.030231542885303497
    },
    {
        "product_name": "Dell 14 inch",
        "price": 18877000,
        "positive": 0.9659584164619446,
        "negative": 0.004705826286226511,
        "neutral": 0.029335852712392807
    },
    {
        "product_name": "Dell 14 inch",
        "price": 14472000,
        "positive": 0.9924888610839844,
        "negative": 0.0022085898090153933,
        "neutral": 0.005302597768604755
    },
    {
        "product_name": "Dell 14 inch",
        "price": 23688000,
        "positive": 0.99290931224823,
        "negative": 0.001773464260622859,
        "neutral": 0.005317225586622953
    },
    {
        "product_name": "Dell 14 inch",
        "price": 24209000,
        "positive": 0.9919142723083496,
        "negative": 0.0016512821894139051,
        "neutral": 0.0064344145357608795
    },
    {
        "product_name": "Dell 14 inch",
        "price": 15801000,
        "positive": 0.9925355911254883,
        "negative": 0.001486796187236905,
        "neutral": 0.005977651569992304
    },
    {
        "product_name": "Dell 14 inch",
        "price": 29846000,
        "positive": 0.004104028921574354,
        "negative": 0.980248749256134,
        "neutral": 0.01564721204340458
    },
    {
        "product_name": "Dell 14 inch",
        "price": 26646000,
        "positive": 0.9928808212280273,
        "negative": 0.0019509921548888087,
        "neutral": 0.005168214440345764
    },
    {
        "product_name": "Dell 14 inch",
        "price": 29671000,
        "positive": 0.9928796887397766,
        "negative": 0.0016895177541300654,
        "neutral": 0.005430832505226135
    },
    {
        "product_name": "Dell 14 inch",
        "price": 22746000,
        "positive": 0.9775770306587219,
        "negative": 0.005658348090946674,
        "neutral": 0.01676473207771778
    },
    {
        "product_name": "Dell 14 inch",
        "price": 7761000,
        "positive": 0.004494003020226955,
        "negative": 0.9879046082496643,
        "neutral": 0.0076014031656086445
    },
    {
        "product_name": "Dell 14 inch",
        "price": 11328000,
        "positive": 0.9889973402023315,
        "negative": 0.0014371825382113457,
        "neutral": 0.00956555362790823
    },
    {
        "product_name": "Dell 14 inch",
        "price": 17510000,
        "positive": 0.29254525899887085,
        "negative": 0.019595643505454063,
        "neutral": 0.687859058380127
    },
    {
        "product_name": "Dell 14 inch",
        "price": 10189000,
        "positive": 0.9919187426567078,
        "negative": 0.0016922553768381476,
        "neutral": 0.006389118731021881
    },
    {
        "product_name": "Dell 14 inch",
        "price": 27105000,
        "positive": 0.004852945450693369,
        "negative": 0.9793212413787842,
        "neutral": 0.015825863927602768
    },
    {
        "product_name": "Dell 14 inch",
        "price": 5605000,
        "positive": 0.17738912999629974,
        "negative": 0.0842767134308815,
        "neutral": 0.7383341789245605
    },
    {
        "product_name": "Dell 14 inch",
        "price": 13027000,
        "positive": 0.992908239364624,
        "negative": 0.0017046977300196886,
        "neutral": 0.005387100391089916
    },
    {
        "product_name": "Dell 14 inch",
        "price": 13843000,
        "positive": 0.9929094910621643,
        "negative": 0.001726561808027327,
        "neutral": 0.005363953299820423
    },
    {
        "product_name": "Dell 14 inch",
        "price": 23586000,
        "positive": 0.9626622200012207,
        "negative": 0.0024814531207084656,
        "neutral": 0.03485632687807083
    },
    {
        "product_name": "Dell 14 inch",
        "price": 28639000,
        "positive": 0.9928752183914185,
        "negative": 0.001784061430953443,
        "neutral": 0.005340709816664457
    },
    {
        "product_name": "Dell 14 inch",
        "price": 28350000,
        "positive": 0.8737127780914307,
        "negative": 0.05878283083438873,
        "neutral": 0.0675044059753418
    },
    {
        "product_name": "Dell 14 inch",
        "price": 8336000,
        "positive": 0.004189261235296726,
        "negative": 0.9877752065658569,
        "neutral": 0.008035526610910892
    },
    {
        "product_name": "Dell 14 inch",
        "price": 21118000,
        "positive": 0.9881327748298645,
        "negative": 0.003414999460801482,
        "neutral": 0.008452286012470722
    },
    {
        "product_name": "Dell 14 inch",
        "price": 7088000,
        "positive": 0.12295534461736679,
        "negative": 0.03266734257340431,
        "neutral": 0.8443772792816162
    },
    {
        "product_name": "Dell 14 inch",
        "price": 18153000,
        "positive": 0.9555806517601013,
        "negative": 0.0034970606211572886,
        "neutral": 0.04092228785157204
    },
    {
        "product_name": "Dell 14 inch",
        "price": 17163000,
        "positive": 0.9558490514755249,
        "negative": 0.002455544425174594,
        "neutral": 0.041695427149534225
    },
    {
        "product_name": "Dell 14 inch",
        "price": 8566000,
        "positive": 0.992924690246582,
        "negative": 0.0017457016510888934,
        "neutral": 0.005329603794962168
    },
    {
        "product_name": "Dell 14 inch",
        "price": 17952000,
        "positive": 0.5471900701522827,
        "negative": 0.010924695059657097,
        "neutral": 0.44188517332077026
    },
    {
        "product_name": "Dell 14 inch",
        "price": 11269000,
        "positive": 0.02483551949262619,
        "negative": 0.9319531321525574,
        "neutral": 0.043211378157138824
    },
    {
        "product_name": "Dell 14 inch",
        "price": 5583000,
        "positive": 0.8894286155700684,
        "negative": 0.04925479367375374,
        "neutral": 0.061316631734371185
    },
    {
        "product_name": "Dell 14 inch",
        "price": 9199000,
        "positive": 0.3899582624435425,
        "negative": 0.049149174243211746,
        "neutral": 0.560892641544342
    },
    {
        "product_name": "Dell 14 inch",
        "price": 8408000,
        "positive": 0.011670657433569431,
        "negative": 0.9142364859580994,
        "neutral": 0.07409275323152542
    },
    {
        "product_name": "Dell 14 inch",
        "price": 18185000,
        "positive": 0.14407438039779663,
        "negative": 0.21133409440517426,
        "neutral": 0.6445915699005127
    },
    {
        "product_name": "Dell 14 inch",
        "price": 23536000,
        "positive": 0.004419864155352116,
        "negative": 0.9840569496154785,
        "neutral": 0.01152319461107254
    },
    {
        "product_name": "Dell 14 inch",
        "price": 14795000,
        "positive": 0.004372041672468185,
        "negative": 0.9878233671188354,
        "neutral": 0.0078046140260994434
    },
    {
        "product_name": "Dell 14 inch",
        "price": 16010000,
        "positive": 0.004565089009702206,
        "negative": 0.9879267811775208,
        "neutral": 0.007508131209760904
    },
    {
        "product_name": "Dell 14 inch",
        "price": 8776000,
        "positive": 0.007722129113972187,
        "negative": 0.9602480530738831,
        "neutral": 0.03202974051237106
    },
    {
        "product_name": "Dell 14 inch",
        "price": 22167000,
        "positive": 0.0041175358928740025,
        "negative": 0.9881224036216736,
        "neutral": 0.0077600302174687386
    },
    {
        "product_name": "Dell 14 inch",
        "price": 28513000,
        "positive": 0.9661149382591248,
        "negative": 0.009130232036113739,
        "neutral": 0.024754785001277924
    },
    {
        "product_name": "Dell 14 inch",
        "price": 28902000,
        "positive": 0.017678912729024887,
        "negative": 0.8041811585426331,
        "neutral": 0.17813991010189056
    },
    {
        "product_name": "Dell 14 inch",
        "price": 16085000,
        "positive": 0.004038357641547918,
        "negative": 0.9880555272102356,
        "neutral": 0.007906113751232624
    },
    {
        "product_name": "Dell 14 inch",
        "price": 12175000,
        "positive": 0.008938022889196873,
        "negative": 0.9530277848243713,
        "neutral": 0.038034163415431976
    },
    {
        "product_name": "Dell 14 inch",
        "price": 16218000,
        "positive": 0.0052557336166501045,
        "negative": 0.9874011874198914,
        "neutral": 0.007343027275055647
    },
    {
        "product_name": "Dell 14 inch",
        "price": 27939000,
        "positive": 0.9661149382591248,
        "negative": 0.009130232036113739,
        "neutral": 0.024754785001277924
    }
]