[
    {
        "product_name": "Điện thoại Samsung Galaxy S24 Ultra 5G",
        "price": 28579000,
        "positive": 0.9911921620368958,
        "negative": 0.0018913507228717208,
        "neutral": 0.006916502024978399
    },
    {
        "product_name": "Điện thoại Samsung Galaxy S24 Ultra 5G",
        "price": 19422000,
        "positive": 0.9929388761520386,
        "negative": 0.0017928499728441238,
        "neutral": 0.005268275737762451
    },
    {
        "product_name": "Điện thoại Samsung Galaxy S24 Ultra 5G",
        "price": 19830000,
        "positive": 0.977897047996521,
        "negative": 0.0021042462904006243,
        "neutral": 0.019998742267489433
    },
    {
        "product_name": "Điện thoại Samsung Galaxy S24 Ultra 5G",
        "price": 8962000,
        "positive": 0.9926955699920654,
        "negative": 0.002195132663473487,
        "neutral": 0.005109312944114208
    },
    {
        "product_name": "Điện thoại Samsung Galaxy S24 Ultra 5G",
        "price": 13713000,
        "positive": 0.9793068170547485,
        "negative": 0.0021320476662367582,
        "neutral": 0.01856110244989395
    },
    {
        "product_name": "Điện thoại Samsung Galaxy S24 Ultra 5G",
        "price": 25365000,
        "positive": 0.9904688000679016,
        "negative": 0.002109801396727562,
        "neutral": 0.007421417161822319
    },
    {
        "product_name": "Điện thoại Samsung Galaxy S24 Ultra 5G",
        "price": 22888000,
        "positive": 0.6906313300132751,
        "negative": 0.03316929191350937,
        "neutral": 0.2761993408203125
    },
    {
        "product_name": "Điện thoại Samsung Galaxy S24 Ultra 5G",
        "price": 28181000,
        "positive": 0.8842850923538208,
        "negative": 0.006635155528783798,
        "neutral": 0.1090797483921051
    },
    {
        "product_name": "Điện thoại Samsung Galaxy S24 Ultra 5G",
        "price": 14113000,
        "positive": 0.0038933968171477318,
        "negative": 0.9861052632331848,
        "neutral": 0.010001365095376968
    },
    {
        "product_name": "Điện thoại Samsung Galaxy S24 Ultra 5G",
        "price": 7833000,
        "positive": 0.9929324388504028,
        "negative": 0.001774292322807014,
        "neutral": 0.0052932254038751125
    },
    {
        "product_name": "Điện thoại Samsung Galaxy S24 Ultra 5G",
        "price": 6705000,
        "positive": 0.9926243424415588,
        "negative": 0.001791086862795055,
        "neutral": 0.005584565922617912
    },
    {
        "product_name": "Điện thoại Samsung Galaxy S24 Ultra 5G",
        "price": 17367000,
        "positive": 0.04485763981938362,
        "negative": 0.20012521743774414,
        "neutral": 0.755017101764679
    },
    {
        "product_name": "Điện thoại Samsung Galaxy S24 Ultra 5G",
        "price": 17026000,
        "positive": 0.9895936250686646,
        "negative": 0.0025534245651215315,
        "neutral": 0.007852967828512192
    },
    {
        "product_name": "Điện thoại Samsung Galaxy S24 Ultra 5G",
        "price": 8428000,
        "positive": 0.9841793179512024,
        "negative": 0.004929712507873774,
        "neutral": 0.010890972800552845
    },
    {
        "product_name": "Điện thoại Samsung Galaxy S24 Ultra 5G",
        "price": 13344000,
        "positive": 0.9604914784431458,
        "negative": 0.004461744334548712,
        "neutral": 0.0350467674434185
    },
    {
        "product_name": "Điện thoại Samsung Galaxy S24 Ultra 5G",
        "price": 17624000,
        "positive": 0.9926839470863342,
        "negative": 0.0016269272891804576,
        "neutral": 0.005689209792762995
    },
    {
        "product_name": "Điện thoại Samsung Galaxy S24 Ultra 5G",
        "price": 21977000,
        "positive": 0.9928787350654602,
        "negative": 0.002009795280173421,
        "neutral": 0.005111561622470617
    },
    {
        "product_name": "Điện thoại Samsung Galaxy S24 Ultra 5G",
        "price": 15458000,
        "positive": 0.9927835464477539,
        "negative": 0.0016374719562008977,
        "neutral": 0.00557898310944438
    },
    {
        "product_name": "Điện thoại Samsung Galaxy S24 Ultra 5G",
        "price": 6423000,
        "positive": 0.003715547965839505,
        "negative": 0.9873086810112,
        "neutral": 0.00897578988224268
    },
    {
        "product_name": "Điện thoại Samsung Galaxy S24 Ultra 5G",
        "price": 12209000,
        "positive": 0.9730729460716248,
        "negative": 0.003462691092863679,
        "neutral": 0.023464366793632507
    },
    {
        "product_name": "Điện thoại Samsung Galaxy S24 Ultra 5G",
        "price": 6441000,
        "positive": 0.968224287033081,
        "negative": 0.006480623036623001,
        "neutral": 0.02529509924352169
    },
    {
        "product_name": "Điện thoại Samsung Galaxy S24 Ultra 5G",
        "price": 24977000,
        "positive": 0.03174111992120743,
        "negative": 0.9231863021850586,
        "neutral": 0.04507260024547577
    },
    {
        "product_name": "Điện thoại Samsung Galaxy S24 Ultra 5G",
        "price": 21126000,
        "positive": 0.9919614195823669,
        "negative": 0.0015003136359155178,
        "neutral": 0.006538162939250469
    },
    {
        "product_name": "Điện thoại Samsung Galaxy S24 Ultra 5G",
        "price": 12136000,
        "positive": 0.9911921620368958,
        "negative": 0.0018913507228717208,
        "neutral": 0.006916502024978399
    },
    {
        "product_name": "Điện thoại Samsung Galaxy S24 Ultra 5G",
        "price": 26273000,
        "positive": 0.15613029897212982,
        "negative": 0.02317376248538494,
        "neutral": 0.8206959366798401
    },
    {
        "product_name": "Điện thoại Samsung Galaxy S24 Ultra 5G",
        "price": 14039000,
        "positive": 0.019213203340768814,
        "negative": 0.8985379338264465,
        "neutral": 0.0822489857673645
    },
    {
        "product_name": "Điện thoại Samsung Galaxy S24 Ultra 5G",
        "price": 7962000,
        "positive": 0.9926816821098328,
        "negative": 0.002068636938929558,
        "neutral": 0.005249605514109135
    },
    {
        "product_name": "Điện thoại Samsung Galaxy S24 Ultra 5G",
        "price": 14478000,
        "positive": 0.7536658048629761,
        "negative": 0.02560870535671711,
        "neutral": 0.22072546184062958
    },
    {
        "product_name": "Điện thoại Samsung Galaxy S24 Ultra 5G",
        "price": 11752000,
        "positive": 0.22535546123981476,
        "negative": 0.2407839298248291,
        "neutral": 0.5338605642318726
    },
    {
        "product_name": "Điện thoại Samsung Galaxy S24 Ultra 5G",
        "price": 16435000,
        "positive": 0.9227548837661743,
        "negative": 0.027924997732043266,
        "neutral": 0.04932018741965294
    },
    {
        "product_name": "Điện thoại Samsung Galaxy S24 Ultra 5G",
        "price": 6440000,
        "positive": 0.9841793179512024,
        "negative": 0.004929712507873774,
        "neutral": 0.010890972800552845
    }
]