[
    {
        "review_no": 0,
        "content": "choi dc vạ ngsy la hu dog commmmmnnnnnnnnnnnnnbbbbbbbbbbbbbbbbbbbbbbbbbbbbbnnjhhgggggghhhhhjbhhjjjjjhhhhgggggh"
    },
    {
        "review_no": 1,
        "content": "sp rất tốt .. rất thoải mái. sẽ không ghé lại shop lần nào nữa."
    },
    {
        "review_no": 2,
        "content": "Nói chung là cực kì đáng mua nha"
    },
    {
        "review_no": 3,
        "content": "chất lượng tốt\nSản phẩm đẹp"
    },
    {
        "review_no": 4,
        "content": "giao hàng đúng giờ .sgipper vui vẻ ..hàng giống như hình .chất lượng ok so với giá như vậy"
    },
    {
        "review_no": 5,
        "content": "shop gửi hàng phụ kiện đầy đủ mà máy bay không giữ được thăng bằng camera thì cũng tạm được khi bay thấp tiền nào của đó mà mua về đây chơi cũng ok "
    },
    {
        "review_no": 6,
        "content": "Bao gồm điều khiển từ xa để vận hành dễ dàng, Cân bằng gimbal giúp video mượt mà, Hiệu suất mạnh mẽ với điện áp đầu vào 12V, Hiệu suất mạnh mẽ với điện áp đầu vào 12V,  "
    },
    {
        "review_no": 7,
        "content": "Tính năng Smart Return Home giúp hạ cánh dễ dàng, Tính năng Smart Return Home giúp hạ cánh dễ dàng, Bao gồm ba pin cho thời gian bay dài, Dễ dàng thay đổi góc nhìn,  "
    },
    {
        "review_no": 8,
        "content": "dễ điều khiển, mà chưa quen lắm, Kết nối WiFi tiện lợi, Tính năng Smart Return Home giúp hạ cánh dễ dàng,  "
    },
    {
        "review_no": 9,
        "content": "mình thấy sản phẩm được còn chất lượng thì cần thời gian vvvvv "
    },
    {
        "review_no": 10,
        "content": "Hang dúng nhu chat luong quang cao; giao nhanh; dich vu tot hơn tương tuong "
    },
    {
        "review_no": 11,
        "content": "đã nhận được hàng rồi shop giao hàng nhanh lẹ cho shop 5 sao OK nhé đã bay hử thấy ok rồi như chưa chơi giỏi kkkkk "
    },
    {
        "review_no": 12,
        "content": "có 1 cái cánh ko bay đc shop oi "
    },
    {
        "review_no": 13,
        "content": "tốt trong tầm giáBao gồm điều khiển từ xa để vận hành dễ dàng, . "
    },
    {
        "review_no": 14,
        "content": "Giá Cả:mua sale đc 199k 2 pin. Nhưng 1 pin hư sau lần sạc đầu tiên, chỉ còn 1 pin. pin đen theo máy chất lượng tệ. Nên mua sẵn bộ 3pin\n Độ phân giải:giá thấp nên rất kém nha, coi như có cho vui thôi\n Kết nối:ổn định "
    },
    {
        "review_no": 15,
        "content": "Flycam giá rẻ điều khiển ok tuy nhiên thời lượng pin hơi ít chắc chỉ khoảng 10 phút. một viên pin mua kèm bị hỏng shop bảo quản trả hàng nhưng ngại, tạm bỏ qua. nên cài App RC FPV để điều khiển, người mới chơi hơi khó điều khiển nên dùng con này thôi "
    },
    {
        "review_no": 16,
        "content": "Rẻ nên ko đòi hỏi nhiều. nếu shop gói nằng hộp carton sẽ happy hơn  "
    },
    {
        "review_no": 17,
        "content": "Tốt……………………………………………………………………………………………………………………………………………………….,,……………………………………………………………………………………………………… "
    },
    {
        "review_no": 18,
        "content": "High-quality 4K camera, Includes three batteries for extended flight time, Wide range control up to 200m,  "
    },
    {
        "review_no": 19,
        "content": "shop uy tín "
    },
    {
        "review_no": 20,
        "content": "Chất lượng：rất tốt\nThiết kế：rất đẹp\nĐộng cơ：tuyệt vời\nSẽ ủng hộ lần sau "
    },
    {
        "review_no": 21,
        "content": "hàng ngon đấy mà bây mất tiêu r bay chơi chơi cao quá gió thổi matTrải nghiệm bay mượt mà và ổn định,  "
    },
    {
        "review_no": 22,
        "content": "Bao gồm điều khiển từ xa để vận hành dễ dàng,thời gian su dung it,giá rẽ va danh cho ng mới tập bay "
    },
    {
        "review_no": 23,
        "content": "ok đelj jjjjjjj gì hết vậy cô vẫn thích điều chỉnh xe đạp điện thoại tui  "
    },
    {
        "review_no": 24,
        "content": "chọn phân loại 4 pin mà shop giao có 1 pin trong máy 🥴🥴khi phản hồi shop đã gửi thêm 3 cục pin kèm theo. shop cũng hỗ trợ nhiệt tình 👌👌 "
    },
    {
        "review_no": 25,
        "content": "Để tập bay thì được không kết nối wifi cho camera được  "
    },
    {
        "review_no": 26,
        "content": "xài ổn nhưng mà bay lên thì nói lại đảo nghiêng có 1 bên không biết như vậy có bình thường khoogn "
    },
    {
        "review_no": 27,
        "content": "dùng để tập bay cũng hay,có điều pin hơi dở.bay loanh quanh nhà chứ không dám bay cao,cỡ 5p là tịt. "
    },
    {
        "review_no": 28,
        "content": "flycam nhìn cũng được chất lượng camera thì hơi mờ nhưng với giá này là OK r "
    },
    {
        "review_no": 29,
        "content": "Kết nối:tốt\n Giá Cả:rẻ "
    },
    {
        "review_no": 30,
        "content": "Giá Cả:ok\n Kết nối:tốt\n Độ phân giải:4k nét ok\nnhược điểm hơi nhẹ lên cao bị gió đẩy đi "
    },
    {
        "review_no": 31,
        "content": "Giá Cả:hợp lý\nKết nói：ko kết nối với camera đc\n Độ phân giải:tốt\n "
    },
    {
        "review_no": 32,
        "content": "Ok "
    },
    {
        "review_no": 33,
        "content": "cam không được đẹp như hình ảnh shop đăng tải sợ nhanh hết pin nên mua 3 cục nhưng bay k đc lâu thì đã hết với máy bay thì chỉ hao pin và cam k đẹp nhưng dễ điều khiển với giá này thì tạm ổn shop giao hàng nhanh camera tầm 140 chứ không có 4k "
    },
    {
        "review_no": 34,
        "content": "Ko biết chơi nên thấy khó chơi quá, may mà có shop tư vấn chỉ cách chơi. Tuyệt quá shop ơi cả về sp hay tư vấn đều rất hài lòngggg"
    },
    {
        "review_no": 35,
        "content": "Pin bay hơi yếu! Bay được hơn 5 phút "
    },
    {
        "review_no": 36,
        "content": "Bao gồm điều khiển từ xa để vận hành dễ dàng,  "
    },
    {
        "review_no": 37,
        "content": "âosjndbsbsbdnksksbxnzksnxjasbdjsnbsksksnbbskqkssknssn "
    },
    {
        "review_no": 38,
        "content": "giao hàng nhanh chóng,đúng và đủ sản phẩm  "
    },
    {
        "review_no": 39,
        "content": "chưa sd nên chưa đánh giá.tặbg 5sa0 "
    },
    {
        "review_no": 40,
        "content": "ko có hướng dẫn tiếng việt. pin xài được 5 phút.  "
    },
    {
        "review_no": 41,
        "content": "Tuyệt vời cho nhiếp ảnh không gian,  "
    },
    {
        "review_no": 42,
        "content": "pin chỉ bay từ 3-4 phút, với giá cả này thì hợp lý "
    },
    {
        "review_no": 43,
        "content": "Về sản phẩm này mình dùng cũng t là OK "
    },
    {
        "review_no": 44,
        "content": "Kết nối:hơi yếu "
    },
    {
        "review_no": 45,
        "content": "hàng tốt . giá rẻ . đóng gói cẩn thận . shiper vui vẻ . đã bay thử . khoẻ . chỉ là kết nối wifi quét QR chưa được. mong cho hướng dẫn "
    },
    {
        "review_no": 46,
        "content": "máy bay được nhưng ko kết nối với máy quay được nhanh chóng hết pin  "
    },
    {
        "review_no": 47,
        "content": "Giá Cả:  rẻ\n Kết nối:  tốt\n Độ phân giải:  hơi kém nhưng phù hợp giá tiền \n Tui đặt 1 máy bay vs 3 pin nhưng khi nhận máy chỉ nhận đc 1 viên pin chính của máy và 2 viên pin phụ ko biết là shop giao đủ chưa có j shop rep giúp em vs ạ \nCòn máy bay thì hơi nhẹ nên m.n bay nó sẽ bị trôi á "
    },
    {
        "review_no": 48,
        "content": "đánh giá tính chất nhận xu "
    },
    {
        "review_no": 49,
        "content": "sp tốt, rất phù hợp để tập lái và giá rẻ nhe, nên mua để thử nghiệm "
    },
    {
        "review_no": 50,
        "content": "bé nhà mình rất thích, nhưng phải quét mã vạch kết nối mới quay video dc, nhưng nhà mình quét nhiều lần vẫn chưa kết nối dc. "
    },
    {
        "review_no": 51,
        "content": "Độ phân giải:pin\n "
    },
    {
        "review_no": 52,
        "content": "Độ phân giải:ok cảm ơn shop rất nhiều "
    },
    {
        "review_no": 53,
        "content": "chưa nhận được hàng  "
    },
    {
        "review_no": 54,
        "content": "Giá Cả:ok\n Kết nối:ok\n Độ phân giải:nét hoàn hảo đáng mua mua nhanh "
    },
    {
        "review_no": 55,
        "content": "camera cỡ 480p, pin khá nhanh hết, nên bay ở sân rộng, giá rẻ,  "
    },
    {
        "review_no": 56,
        "content": "hàng ok\n "
    },
    {
        "review_no": 57,
        "content": "Bay OK nhưng camera không hoạt động đc,kết nối wifi báo ,kg có Internet  "
    },
    {
        "review_no": 58,
        "content": "hàng OK nhưng bây 1 chút cháy động cơ  "
    },
    {
        "review_no": 59,
        "content": "Kết nối WiFi tiện lợi, Cân bằng gimbal giúp video mượt mà, Tính năng xem trực tiếp để giám sát thời gian thực, Điều khiển xa tới 200m, Dễ dàng thay đổi góc nhìn, Hỗ trợ định dạng ghi video MKV, "
    },
    {
        "review_no": 60,
        "content": "may bay giá rẻ mà bay rất ngon cs cam cũng rõ nhưng bay xa hơi mờ với tâm giá nay thây cũng rất ổn\n "
    },
    {
        "review_no": 61,
        "content": "flaycam này tốt  "
    },
    {
        "review_no": 62,
        "content": "quá ổn luôn "
    },
    {
        "review_no": 63,
        "content": "đặt màu den giao mào trắng  sop j ngô quá  "
    },
    {
        "review_no": 64,
        "content": "Giá Cả:rẻ\n Kết nối:tốt\n Độ phân giải:tạm\n "
    },
    {
        "review_no": 65,
        "content": "shop bán rất có tâm đóng gói cẩn thận đưa đầy đủ sản phẩm và phụ kiện mong sau này sẽ ủng hộ shop lần 2 "
    },
    {
        "review_no": 66,
        "content": "Shop làm ăn rất uy tín. Tôi đã mua cái thứ 3. Khi bị lỗi hay thiếu hàng thì bộ phận hỗ trợ cũng đã tích cực giải quyết.  "
    },
    {
        "review_no": 67,
        "content": "Giá Cả:với mức giá 260k thù quá chát \n Kết nối:quá là kém luôn đã thế bay được 30m tôi không thể điều khiển được .Bay lên cao tí thì đứng yên tôi phải đợi hết pin nó ms rơi xuống được \nĐộ cam thì mờ  "
    },
    {
        "review_no": 68,
        "content": "  Sản phẩm ok trong tầm giá ! Chơi được "
    },
    {
        "review_no": 69,
        "content": "tập bay hay mua cho các em nhỏ chơi thì ổn  "
    },
    {
        "review_no": 70,
        "content": "sản phẩm như hình. xài ok dành cho những người tập chơi "
    },
    {
        "review_no": 71,
        "content": "Có 2 trăm mấy thì coi như đồ chơi thôi. "
    },
    {
        "review_no": 72,
        "content": "Sản phẩm được đóng gói cẩn thận. Công ty vận chuyển nhanh. Người giao hàng nhiệt tình. Sản phẩm đúng như quảng cáo. Sử dụng lần đầu tạm ổn.  "
    },
    {
        "review_no": 73,
        "content": "rất đẹp  "
    },
    {
        "review_no": 74,
        "content": "Giá Cả: ok\n Kết nối: ok\n Độ phân giải: Ok "
    },
    {
        "review_no": 75,
        "content": "quá ok với tầm giá  "
    },
    {
        "review_no": 76,
        "content": "shop giao hàng đúng sản phẩm xài tháy ok cho shop 5 sao  "
    },
    {
        "review_no": 77,
        "content": "nhựa cât kì bên "
    },
    {
        "review_no": 78,
        "content": "bay cao bay mất luon ko ve dc  "
    },
    {
        "review_no": 79,
        "content": "Giá Cả:hợp lý \n Kết nối:tốt ,có cái cam bị ngược \n Độ phân giải:tốt  "
    },
    {
        "review_no": 80,
        "content": "flycam tạm ổn, dùng chữa cháy, cam không được nét, có thể dùng để tập bay cho quen trước khi dùng đồ xịn "
    },
    {
        "review_no": 81,
        "content": "tốt\n "
    },
    {
        "review_no": 82,
        "content": "ok "
    },
    {
        "review_no": 83,
        "content": "xịn "
    },
    {
        "review_no": 84,
        "content": "Ok "
    },
    {
        "review_no": 85,
        "content": "chưa biết kết nối điện thoại. Chơi cho vui . 😆 😂😂. Chán! Mới bay được 1 lần sạc pin máy bay bị hư. Hỏng.hết 1 bên cánh.thiệt là xuôi xẻo quá đi 😭 "
    },
    {
        "review_no": 86,
        "content": "Xin chào, vui lòng liên hệ với dịch vụ hậu mãi của chúng tôi để giải quyết vấn đề của bạn, za/lo (079-339-7572)."
    },
    {
        "review_no": 87,
        "content": "Cũng bttttttttttttttttttttttThiết kế màu xám thanh lịch,kết nối nhiều lúc chậm mãi k nhận remote "
    },
    {
        "review_no": 88,
        "content": "hàng được nhưng cánh bảo vệ bị gẫy cần khắc phụ "
    },
    {
        "review_no": 89,
        "content": "Ko đủ pin\nMình đặt 2 pin mà chỉ có 1\nYêu cầu shop gửi thêm pin"
    },
    {
        "review_no": 90,
        "content": "1 bên cánh bị kẹt. bay ko lượn. chưa thử được chất lương camera "
    },
    {
        "review_no": 91,
        "content": "chả ra làm sao ,bay cho con nít chơi cũng không ổn,camera không quay được. Nói chúng không nên mua,phí tiền vô ích.  "
    },
    {
        "review_no": 92,
        "content": "Lừa đảo, đặt flycam + 3 pin giao chỉ có viên pin không có flycam luôn "
    },
    {
        "review_no": 93,
        "content": "Xin lỗi, xin lỗi, gửi nhầm sản phẩm ở đây, tôi sẽ nhờ bộ phận hậu mãi của chúng tôi liên hệ và phát hành lại cho bạn."
    },
    {
        "review_no": 94,
        "content": "Má hết hàng cũng gửi. Có 1 pin mà vẫn thu giá 2 pin. Chó chết.  "
    },
    {
        "review_no": 95,
        "content": "Xin chào Hàng hóa của chúng tôi được nhập khẩu từ nước ngoài, chất lượng được đảm bảo, nếu nó bị hỏng trong vòng một tháng có thể được thay thế miễn phí mới. xin vui lòng ZA/LO (0353813825) liên hệ với chúng tôi sau bán hàng để được giúp đỡ."
    },
    {
        "review_no": 96,
        "content": "Sao ko có bin điều khiển "
    },
    {
        "review_no": 97,
        "content": "báo vs shop là nhận hàng về sạc đầy pin đem ra test chỉ bay dưới mặt đất k bay cao được thêm cánh bay được cánh bay k được rất tệ  "
    },
    {
        "review_no": 98,
        "content": "shop oi cho hoi ket noi voi đt sao khong đuoc .minh đa qet ma đê ket noi ma khong đc shop chi dum voi con ve may thi bau ok tot rat hai long "
    },
    {
        "review_no": 99,
        "content": "khuyên mọi người không nên mua shop này , hàng dõm   sử dụng đúng 1 lần thì hỏng đã vậy giao hàng thiếu , rồi không thèm trả lời..!  "
    },
    {
        "review_no": 100,
        "content": "Xin chào Hàng hóa của chúng tôi được nhập khẩu từ nước ngoài, chất lượng được đảm bảo, nếu nó bị hỏng trong vòng một tháng có thể được thay thế miễn phí mới. xin vui lòng ZA/LO (0353813825) liên hệ với chúng tôi sau bán hàng để được giúp đỡ."
    }
]