[
    {
        "review_no": 0,
        "content": "Sản phẩm chất lượng, giúp tăng năng suất làm việc."
    },
    {
        "review_no": 1,
        "content": "Rất hài lòng với sản phẩm, rất thoải mái khi sử dụng. Tuy nhiên, sẽ không quay lại shop lần nữa."
    },
    {
        "review_no": 2,
        "content": "Tổng thể là sản phẩm rất đáng mua."
    },
    {
        "review_no": 3,
        "content": "Chất lượng sản phẩm tốt, thiết kế đẹp."
    },
    {
        "review_no": 4,
        "content": "Giao hàng đúng giờ, shipper vui vẻ. Sản phẩm giống như hình và chất lượng phản ánh đúng giá trị."
    },
    {
        "review_no": 5,
        "content": "Shop gửi đầy đủ phụ kiện, tuy nhiên, máy bay không giữ được thăng bằng của camera khi bay thấp. Với giá như vậy, sản phẩm vẫn là lựa chọn tốt."
    },
    {
        "review_no": 6,
        "content": "Sản phẩm bao gồm điều khiển từ xa, cân bằng gimbal giúp video mượt mà. Hiệu suất mạnh mẽ với điện áp đầu vào 12V."
    },
    {
        "review_no": 7,
        "content": "Tính năng Smart Return Home giúp hạ cánh dễ dàng, bao gồm ba pin cho thời gian bay dài. Việc thay đổi góc nhìn dễ dàng."
    },
    {
        "review_no": 8,
        "content": "Dễ điều khiển, tuy nhiên, cần thời gian để làm quen. Kết nối WiFi tiện lợi và tính năng Smart Return Home hữu ích."
    },
    {
        "review_no": 9,
        "content": "Sản phẩm còn chất lượng, nhưng cần thời gian để đánh giá rõ hơn."
    },
    {
        "review_no": 10,
        "content": "Sản phẩm đúng như quảng cáo, giao hàng nhanh và dịch vụ tốt hơn mong đợi."
    },
    {
        "review_no": 11,
        "content": "Đã nhận được hàng và thử bay, sản phẩm hoạt động tốt. Shop giao hàng nhanh và chất lượng."
    },
    {
        "review_no": 12,
        "content": "Phát hiện có 1 cái cánh không hoạt động được. Mong shop kiểm tra và giải quyết vấn đề này."
    },
    {
        "review_no": 13,
        "content": "Sản phẩm tốt trong tầm giá, điều khiển từ xa dễ dàng."
    },
    {
        "review_no": 14,
        "content": "Giá cả hợp lý khi mua được giảm giá, nhưng 1 pin hỏng sau lần sạc đầu tiên. Nên mua sẵn bộ 3 pin. Độ phân giải không cao nhưng đủ để sử dụng, kết nối ổn định."
    },
    {
        "review_no": 15,
        "content": "Flycam giá rẻ, điều khiển tốt. Thời lượng pin chỉ khoảng 10 phút, việc sử dụng ứng dụng RC FPV giúp điều khiển dễ dàng hơn."
    },
    {
        "review_no": 16,
        "content": "Giá rẻ, không đòi hỏi quá nhiều. Gói hàng bằng hộp carton sẽ làm khách hàng hài lòng hơn."
    },
    {
        "review_no": 17,
        "content": "Sản phẩm tốt."
    },
    {
        "review_no": 18,
        "content": "Flycam có camera 4K chất lượng cao, bao gồm ba pin cho thời gian bay dài và khả năng điều khiển rộng lớn lên đến 200m."
    },
    {
        "review_no": 19,
        "content": "Shop uy tín và đáng tin cậy."
    },
    {
        "review_no": 20,
        "content": "Sản phẩm chất lượng rất tốt, thiết kế đẹp và động cơ mạnh mẽ. Sẽ ủng hộ shop lần sau."
    },
    {
        "review_no": 21,
        "content": "Sản phẩm có chất lượng tốt và trải nghiệm bay mượt mà. Tuy nhiên, cần chú ý đến việc bay ở độ cao cao có thể bị gió thổi mất."
    },
    {
        "review_no": 22,
        "content": "Sản phẩm bao gồm điều khiển từ xa, thời gian sử dụng ngắn nhưng giá rẻ và phù hợp cho người mới tập bay."
    },
    {
        "review_no": 23,
        "content": "Sản phẩm OK, tuy nhiên, việc điều chỉnh xe đạp điện thoại cần được cải thiện."
    },
    {
        "review_no": 24,
        "content": "Chọn phân loại 4 pin nhưng chỉ nhận được 1 pin. Sau khi phản hồi, shop đã gửi thêm 3 cục pin và hỗ trợ nhiệt tình."
    },
    {
        "review_no": 25,
        "content": "Cho phép kết nối wifi"
    }
]
