[
    {
    "review_no": 0,
    "content": "Giá cả ok. Kết nối tốt. Độ phân giải cao."
    },
    {
    "review_no": 1,
    "content": "Choại đã vạ năng suất la hu đồ cơm."
    },
    {
    "review_no": 2,
    "content": "Sản phẩm rất tốt, rất thoải mái. Sẽ không ghé lại shop lần nào nữa."
    },
    {
    "review_no": 3,
    "content": "Nói chung là cực kì đáng mua đó."
    },
    {
    "review_no": 4,
    "content": "Chất lượng tốt. Sản phẩm đẹp."
    },
    {
    "review_no": 5,
    "content": "Giao hàng đúng giờ. Shipper vui vẻ. Hàng giống như hình. Chất lượng ok so với giá như vậy."
    },
    {
    "review_no": 6,
    "content": "Shop gửi hàng phụ kiện đầy đủ mà không giữ được thăng bằng camera thì cũng tạm được. Tiền nào của đó mà mua về đây chơi cũng ok."
    },
    {
    "review_no": 7,
    "content": "Bao gồm tìm từ xa để vận hành dễ dàng. Cân bằng gimbal giúp video mượt mà. Hiệu suất mạnh mẽ với điện áp đầu vào 12V."
    },
    {
    "review_no": 8,
    "content": "Tính năng Smart Return Home giúp chỉnh dễ dàng. Bao gồm ba pin cho thời gian dài. Dễ dàng thay đổi góc nhìn."
    },
    {
    "review_no": 9,
    "content": "Dễ điều chỉnh, mà chưa quen lắm. Kết nối WiFi tiện lợi. Tính năng Smart Return Home giúp dùng dễ dàng."
    },
    {
    "review_no": 10,
    "content": "Mình thấy sản phẩm còn chất lượng thì cần thời gian."
    },
    {
    "review_no": 11,
    "content": "Hàng đúng như chất lượng quảng cáo. Giao nhanh. Dịch vụ tốt hơn tưởng tượng."
    },
    {
    "review_no": 12,
    "content": "Đã nhận được hàng rồi. Shop giao hàng nhanh lẹ cho shop 5 sao OK nhé. Đã thử thấy ok rồi."
    },
    {
    "review_no": 13,
    "content": "Có 1 cái cam không dùng được. Shop ơi."
    },
    {
    "review_no": 14,
    "content": "Tốt trong tầm giá. Bao gồm tìm thiết bị từ xa để vận hành dễ dàng."
    },
    {
    "review_no": 15,
    "content": "Giá cả mua sale được 199k 2 pin. Nhưng 1 pin hư sau lần sạc đầu tiên, chỉ còn 1 pin. Pin đen theo máy chất lượng tệ. Nên mua sẵn bộ 3 pin. Độ phân giải giá thấp nên rất kém nha, coi như có cho vui thôi. Kết nối ổn định."
    },
    {
    "review_no": 16,
    "content": "Cam giá rẻ điều khiển ok. Tuy nhiên thời lượng pin hơi ít chắc chỉ khoảng 100 phút. Một viên pin mua kèm bị hỏng shop bảo quản trả hàng nhưng ngại, tạm bỏ qua. Nên cài App RC FPV để điều khiển, người mới chơi hơi khó điều khiển nên dùng con này thôi."
    },
    {
    "review_no": 17,
    "content": "Rẻ nên không đòi hỏi nhiều. Nếu shop gói nắng hộp carton sẽ happy hơn."
    },
    {
    "review_no": 18,
    "content": "Tốt."
    },
    {
    "review_no": 19,
    "content": "High-quality 4K camera. Includes three batteries for extended flight time. Wide range control up to 200m."
    },
    {
    "review_no": 20,
    "content": "Shop uy tín."
    },
    {
    "review_no": 21,
    "content": "Chất lượng rất tốt. Thiết kế rất đẹp. Động cơ tuyệt vời. Sẽ ủng hộ lần sau."
    },
    {
    "review_no": 22,
    "content": "Hàng ngon đấy mà, rơi mất tiêu rồi. Chơi chơi cao quá, hết pin mất. Trải nghiệm mượt mà và ổn định."
    },
    {
    "review_no": 23,
    "content": "Bao gồm tìm thiết bị từ xa để vận hành dễ dàng. Thời gian sử dụng ít. Giá rẻ và dành cho người mới dùng."
    },
    {
    "review_no": 24,
    "content": "OK đến khi chúng ta còn thích điều chỉnh xe đạp điện thoại."
    },
    {
    "review_no": 25,
    "content": "Chọn phân loại 4 pin mà shop giao chỉ có 1 pin trong máy. Khi phản hồi shop đã gửi thêm 3 cục pin kèm theo. Shop cũng hỗ trợ nhiệt tình."
    },
    {
    "review_no": 26,
    "content": "Không kết nối wifi cho camera được."
    },
    {
    "review_no": 27,
    "content": "Xài ổn nhưng mà có lúc thì nói lại đảo nghiêng có 1 bên không biết như vậy có bình thường không."
    },
    {
    "review_no": 28,
    "content": "Dùng để chơi cũng hay, có điều pin hơi dở. Dùng loanh quanh nhà chứ không dám thử pin, khoảng 50 phút là tịt."
    },
    {
    "review_no": 29,
    "content": "Cam nhìn cũng được chất lượng camera thì hơi mờ nhưng với giá này là OK."
    },
    {
    "review_no": 30,
    "content": "Kết nối tốt. Giá cả rẻ."
    }
    ]