id,title,content,thank_count,customer_id,rating,created_at,customer_name,purchased_at
,Cực kì hài lòng,"Giao hàng nhanh, nhanh hơn cả đơn cường lực và ốp lưng, chất lượng tốt. Dùng ổn định, mượt, lâu lâu dùng lại thiết kế cạnh vuông cũng vui. Hiệu năng ổn, chưa quen giao diện mới lắm.",1,12468934,5,1709361015,Namphong Nguyen,1708163960
,Rất không hài lòng,"Điện thoại không mở được khay SIM, đã tạo yêu cầu đổi sản phẩm khác.",0,6153071,1,1707813177,Trần Mạnh,1707703986
,Cực kì hài lòng,Vbtgv vu hinv7b u jiinh uubhb bb. U.  C d f. F f f f f f f,0,29781603,5,1708364982,Quang Hiếu ,1707847414
,Hài lòng,"Máy dùng mượt, chạy ổn, pin rất lỳ",0,957292,4,1707977162,Hữu Đô,1707394088
,Cực kì hài lòng,,0,8586638,5,1711834993,Shyn,1707980213
,Cực kì hài lòng,,0,6345460,5,1711645954,Phạm Yến Nhi,1707877418
,Hài lòng,,0,29734462,4,1710947281,Đoàn Duy Khánh ,1707837054
,Cực kì hài lòng,,0,16603440,5,1710919769,Nguyễn Văn Tâm,1710236552
,Cực kì hài lòng,,0,12652219,5,1710595011,PHÚC KHÁNH ,1710426668
,Cực kì hài lòng,,0,14704280,5,1710299118,Trc Thy Trn,1709619054
,Cực kì hài lòng,"Giao hàng nhanh, nhanh hơn cả đơn cường lực và ốp lưng, chất lượng tốt. Dùng ổn định, mượt, lâu lâu dùng lại thiết kế cạnh vuông cũng vui. Hiệu năng ổn, chưa quen giao diện mới lắm.",1,12468934,5,1709361015,Namphong Nguyen,1708163960
,Rất không hài lòng,"Điện thoại không mở được khay SIM, đã tạo yêu cầu đổi sản phẩm khác.",0,6153071,1,1707813177,Trần Mạnh,1707703986
,Cực kì hài lòng,Vbtgv vu hinv7b u jiinh uubhb bb. U.  C d f. F f f f f f f,0,29781603,5,1708364982,Quang Hiếu ,1707847414
,Hài lòng,"Máy dùng mượt, chạy ổn, pin rất lỳ",0,957292,4,1707977162,Hữu Đô,1707394088
,Cực kì hài lòng,,0,8586638,5,1711834993,Shyn,1707980213
,Cực kì hài lòng,,0,6345460,5,1711645954,Phạm Yến Nhi,1707877418
,Hài lòng,,0,29734462,4,1710947281,Đoàn Duy Khánh ,1707837054
,Cực kì hài lòng,,0,16603440,5,1710919769,Nguyễn Văn Tâm,1710236552
,Cực kì hài lòng,,0,12652219,5,1710595011,PHÚC KHÁNH ,1710426668
,Cực kì hài lòng,,0,14704280,5,1710299118,Trc Thy Trn,1709619054
,Cực kì hài lòng,"Lần đầu dùng hàng cao cấp của Samsung và cũng là lần đầu mua đồ giá trị lớn trên Tiki. Mọi thứ đều rất tốt. Mình rất hài lòng.

Thông tin thêm cho các bạn là đơn hàng không có ốp đi kèm nên các bạn nên sắm cùng khi mua điện thoại nhé.",0,663876,5,1709743513,Nguyễn Văn Thời,1709427498
,Cực kì hài lòng,Nhận hàng nguyên seal và nhanh,0,5542885,5,1710312741,Thong tong,1710300130
,Cực kì hài lòng,"Lần đầu dùng hàng cao cấp của Samsung và cũng là lần đầu mua đồ giá trị lớn trên Tiki. Mọi thứ đều rất tốt. Mình rất hài lòng.

Thông tin thêm cho các bạn là đơn hàng không có ốp đi kèm nên các bạn nên sắm cùng khi mua điện thoại nhé.",0,663876,5,1709743513,Nguyễn Văn Thời,1709427498
,Cực kì hài lòng,Nhận hàng nguyên seal và nhanh,0,5542885,5,1710312741,Thong tong,1710300130
,Cực kì hài lòng,,0,8882703,5,1711158427,Nguyen Le,1710994643
,Cực kì hài lòng,,0,606722,5,1710697794,Đoàn Nguyễn Hồng Hạnh,1710406740
,Cực kì hài lòng,,0,8882703,5,1711158427,Nguyen Le,1710994643
,Cực kì hài lòng,,0,606722,5,1710697794,Đoàn Nguyễn Hồng Hạnh,1710406740
,Cực kì hài lòng,"Máy ổn.
Dùng mượt.
Phù hợp với các bố các mẹ 
Giá cả hợp lý",0,14511465,5,1707918677,Phượng Đỗ,1706248524
,Cực kì hài lòng,Giao nhanh thiệt sự- Mới đặt hôm trước là hôm sau có rồi. Hàng chất lượng - full seal,0,13260758,5,1690473425,Bích Hà,1690298745
,Cực kì hài lòng,"xịnnn , giá tốt,bộ nhớ tốt",0,13736429,5,1702018742,Vo Kiều,1701429864
,Cực kì hài lòng,"Giao hàng nhanh, máy đẹp, chỉ tiếc là không tặng kèm ốp lưng, màn không dán sẵn như note",1,14493046,5,1697677416,Nguyễn Phương,1697624583
,Hài lòng,Điện thoại hay đứng nhưng tầm giá này tạm chấp nhận được.,0,9101843,4,1699673530,Lê Nguyễn,1698988373
,Cực kì hài lòng,"đt xài tốt lắm nha, giá lại siêu tốt",0,15914496,5,1705647331,Văn Minh Tiến,1704943405
,Cực kì hài lòng,"Mì xào ngon bổ rẽ, tốt so với tầm giá",0,1669304,5,1700017882,Nguyễn Hùng Vương,1687267635
,Cực kì hài lòng,Xài tháy khá ok trong tầm giá. Đôi lúc đứng má tự thoát thôi,0,18710026,5,1685843599,La Casa,1682136997
,Cực kì hài lòng,Máy dùng ổn.,0,20060830,5,1705025095,Pham Hong Nhi,1704958064
,Cực kì hài lòng,,0,27004427,5,1709215874,DK Duy,1708781327
,Cực kì hài lòng,"Máy ổn.
Dùng mượt.
Phù hợp với các bố các mẹ 
Giá cả hợp lý",0,14511465,5,1707918677,Phượng Đỗ,1706248524
,Cực kì hài lòng,Giao nhanh thiệt sự- Mới đặt hôm trước là hôm sau có rồi. Hàng chất lượng - full seal,0,13260758,5,1690473425,Bích Hà,1690298745
,Cực kì hài lòng,"xịnnn , giá tốt,bộ nhớ tốt",0,13736429,5,1702018742,Vo Kiều,1701429864
,Cực kì hài lòng,"Giao hàng nhanh, máy đẹp, chỉ tiếc là không tặng kèm ốp lưng, màn không dán sẵn như note",1,14493046,5,1697677416,Nguyễn Phương,1697624583
,Hài lòng,Điện thoại hay đứng nhưng tầm giá này tạm chấp nhận được.,0,9101843,4,1699673530,Lê Nguyễn,1698988373
,Cực kì hài lòng,"đt xài tốt lắm nha, giá lại siêu tốt",0,15914496,5,1705647331,Văn Minh Tiến,1704943405
,Cực kì hài lòng,"Mì xào ngon bổ rẽ, tốt so với tầm giá",0,1669304,5,1700017882,Nguyễn Hùng Vương,1687267635
,Cực kì hài lòng,Xài tháy khá ok trong tầm giá. Đôi lúc đứng má tự thoát thôi,0,18710026,5,1685843599,La Casa,1682136997
,Cực kì hài lòng,Máy dùng ổn.,0,20060830,5,1705025095,Pham Hong Nhi,1704958064
,Cực kì hài lòng,,0,27004427,5,1709215874,DK Duy,1708781327
,Cực kì hài lòng,"Giao hành nhanh lẹ, shop đóng hàng rất kỷ, đúng màu , ung hộ shop dài dài luôn 5 sao cho shop",0,11810952,5,1653894368,Lê Thị Kim Vui,1653619671
,Cực kì hài lòng,,0,7264073,5,1708678542,Hồ Trọng Nghĩa,1704111391
,Cực kì hài lòng,"Giao hàng nhanh, dễ sử dụng, đẹp, đúng hàng nhập khẩu malaysia.",0,6079279,5,1682830486,Dương Hồ Thanh Sơn,1682579092
,Cực kì hài lòng,,0,28382424,5,1705040759,Phuong Thuy,1693989978
,Hài lòng,Mới dùng chưa biết được. Sau thơi gian bảo hành mới đánh giá chính xác,0,15160023,4,1671412872,Ngô Văn Chiến,1671159114
,Cực kì hài lòng,"hàng chính hãng, sài tốt, bền lắm. nay mua được giá tốt của shop. tks shop nhiều",0,8785311,5,1653829595,Võ Minh Thư,1653622997
,Cực kì hài lòng,tuyệt vời,0,17862902,5,1694338294,lê hữu thanh,1692792193
,Cực kì hài lòng,,0,22050360,5,1696573216,Diễm Khanh,1694436322
,Hài lòng,,0,29458925,4,1695969958,Apple User,1695680800
,Bình thường,"Đt âm thanh hơi nhỏ, hàng y hình, còn độ bền phải chờ thời gian",1,6810322,3,1653352397,Bùi Anh Trúc,1652345062
,Cực kì hài lòng,"Giao hành nhanh lẹ, shop đóng hàng rất kỷ, đúng màu , ung hộ shop dài dài luôn 5 sao cho shop",0,11810952,5,1653894368,Lê Thị Kim Vui,1653619671
,Cực kì hài lòng,,0,7264073,5,1708678542,Hồ Trọng Nghĩa,1704111391
,Cực kì hài lòng,"Giao hàng nhanh, dễ sử dụng, đẹp, đúng hàng nhập khẩu malaysia.",0,6079279,5,1682830486,Dương Hồ Thanh Sơn,1682579092
,Cực kì hài lòng,,0,28382424,5,1705040759,Phuong Thuy,1693989978
,Hài lòng,Mới dùng chưa biết được. Sau thơi gian bảo hành mới đánh giá chính xác,0,15160023,4,1671412872,Ngô Văn Chiến,1671159114
,Cực kì hài lòng,"hàng chính hãng, sài tốt, bền lắm. nay mua được giá tốt của shop. tks shop nhiều",0,8785311,5,1653829595,Võ Minh Thư,1653622997
,Cực kì hài lòng,tuyệt vời,0,17862902,5,1694338294,lê hữu thanh,1692792193
,Cực kì hài lòng,,0,22050360,5,1696573216,Diễm Khanh,1694436322
,Hài lòng,,0,29458925,4,1695969958,Apple User,1695680800
,Bình thường,"Đt âm thanh hơi nhỏ, hàng y hình, còn độ bền phải chờ thời gian",1,6810322,3,1653352397,Bùi Anh Trúc,1652345062
,Cực kì hài lòng,"Đợt này mua tặng 2 cây trắng đen nhưng quên chụp lại cây trắng. Mọi người xem đỡ cây đen nha. Cũng y chang sản xuất 2***GB mới nguyên seal. Giờ kiếm đỏ mắt ko thấy shop nào bán chính hãng mà 2023 đâu, ngay cả Apple store VN. Mấy đợt trước mua 12 - 13 - 14 Tiki cũng uy tín như vầy. Không lỗi trầy móp méo, màn hình ko đốm.",2,5178168,5,1704256818,Đại Hồng Bào,1703491483
,Cực kì hài lòng,"Đợt này mua tặng 2 cây trắng (giao từ Hanoi) đen (giao từ Saigon) nhưng quên chụp lại cây trắng. Mọi người xem đỡ cây đen nha. Cũng y chang sản xuất 2***GB mới nguyên seal. Giờ kiếm đỏ mắt ko thấy shop nào bán chính hãng mà 2023 đâu, ngay cả Apple store VN. Mấy đợt trước mua 12 - 13 - 14 Tiki cũng uy tín như vầy. Không lỗi trầy móp méo, màn hình ko đốm.",1,5178168,5,1704256916,Trần Ngọc Sơn,1703490317
,Cực kì hài lòng,"5* cho máy còn nguyên seal, hàng chính hãng VN/A, mới 100% như tiki cam kết, nhưng 1* cho thái độ bạn đi giao hàng, mình đặt tikinow, lúc giao bạn này tỏ vẻ rất khó chịu, nói chuyện cọc cằn, bạn hỏi sao địa chỉ mình xa vậy mà đặt chi vậy, nếu là người khác đi giao sẽ hủy đơn, tại bạn sẵn chuyến nên đi giao luôn, mình nói địa chỉ này tikinow hỗ trợ nên mình đặt thôi, trong khi đó mình đặt rất nhiều lần rồi, lần nào các bạn giao cũng vui vẻ, dễ chịu. Đề nghị bên Tiki check lại đơn của mình xem hôm đó ai là người đi giao và làm việc lại với bạn đó, nếu không khắc phục được tình trạng này mình sẽ không mua bên tiki nửa.",184,945720,5,1660043992,muasach,1659935314
,Rất không hài lòng,"Mua xài mới có 1 ngày mà đã lỗi, có cuộc gọi tới đổ chuông ko hiển thị, sạc pin thì bị nóng máy, tuộc pin ko phanh, vừa cấm sạc cái hiện lên 5%. Báo trả hàng hoàn tiền thì kêu gửi về tiki kiểm tra, kiểm tra xong báo là đúng lỗi như vậy nhưng phải chờ gửi đi lên hãng kiểm định. Quá rắc rối",1,15052027,1,1703434010,TRAN THUY,1701789765
,Cực kì hài lòng,"Chất lượng sản phẩm của Shop rất tốt đẹp full box chính hãng nguyên seal rất tốt tuyệt vời, Shop đóng gói rất kỹ đẹp, thời gian giao hàng rất nhanh, em chân thành cảm ơn Shop và Anh Shipper rất nhiều ạ💖",20,28830179,5,1676287655,Minh Phương,1676272332
,Cực kì hài lòng,"Mình mua trả góp (chi tiết hình ảnh đính kèm)
Năm sản xuất 2023. Phù hợp với tác vụ thông thường của mình, chỉ tiếc là dòng 12 trở lên mới có mở khoá ngay cả khi đeo khẩu trang (Vật Vờ Studio cũng có chỉ mẹo mở khoá IP11 khi đeo khẩu trang)",3,28677471,5,1696170522,ANH DUY,1695979190
,Cực kì hài lòng,"Tuyệt vời

Apple đã chính thức ra mắt bộ 3 siêu phẩm iPhone 11/Pro/Pro Max, trong đó iPhone 11 là phiên bản tiêu chuẩn dành cho số đông có mức giá rất dễ chịu. Chưa hết, đánh giá iPhone 11 cho thấy máy có thể hạ gục mọi đối thủ Android. 
1. Đánh giá nhanh thiết kế iPhone 11

Thiết kế iPhone 11 không khác nhiều so với các thông tin được rò rỉ trước đó. Và điều khiến tôi thất vọng nhất trong thiết kế là mặt trước. Apple vẫn trung thành với màn hình “tai thỏ”. Trong khi đó các dòng điện thoại cao cấp Android đã sử dụng màn hình notch, màn hình không viền vô cùng ấn tượng. Ngoài ra, một điểm trừ nữa trong thiết kế iPhone 11 là các cạnh viền vẫn còn rất dày tương tự iPhone XR",3,688542,5,1674967848,Len Nguyen,1674712574
,Cực kì hài lòng,Hiện tôi đang bị màn hình có kẻ sọc và chuyển sang màu tối đen khi đi biển. Tôi không biết xử lý như thế nào? Trước đây dùng IPhone 8 tôi cũng mang xuống biển quay Clip có bọc túi chống nước không gặp tình trạng tương tự.,150,10604241,5,1642298876,Hang Bui,1641219891
,Cực kì hài lòng,"Tiki giao hàng sp là ip rất tốt. Chế độ bảo mật cao đối với đơn hàng có giá trị, là khách hàng mình luôn yên tâm về hàng chuẩn chính hãng va không lo gặp hành giả như tiki đã cam kết.
Hàng giao nguyên đai, nguyên kiện và bảo mật cao khi đến tay KH.",1,6954401,5,1668857673,Phuong Nguyen,1668644107
,Hài lòng,"Mình mua sp trên tiki giá trị cao khá nhiều, nhưng đợt tết nghe mấy đv vận chuyển tráo hàng nên mình hơi sợ. Và để đảm bảo mình đến bưu cục để lấy luôn. Máy nhìn chung ok, apple đúng biết cắt cổ ko tặng cục sạc phải mua thêm. Đt mượn do đổi từ samsung qua thử nên dùng hơi chưa quen. Nhìn chung sp ổn giá tốt hơn shop ngoài thị trường, nhưng hơi lo về khâu vận chuyện do đối tác lưu kho lâu. Mn nên mua tiki now để được ship k nên mua tỉnh lẻ quá nhiều rủi ro.",10,1063872,4,1642128504,Nguyễn Văn Triều ,1641880299
,Cực kì hài lòng,"Đợt này mua tặng 2 cây trắng đen nhưng quên chụp lại cây trắng. Mọi người xem đỡ cây đen nha. Cũng y chang sản xuất 2***GB mới nguyên seal. Giờ kiếm đỏ mắt ko thấy shop nào bán chính hãng mà 2023 đâu, ngay cả Apple store VN. Mấy đợt trước mua 12 - 13 - 14 Tiki cũng uy tín như vầy. Không lỗi trầy móp méo, màn hình ko đốm.",2,5178168,5,1704256818,Đại Hồng Bào,1703491483
,Cực kì hài lòng,"Đợt này mua tặng 2 cây trắng (giao từ Hanoi) đen (giao từ Saigon) nhưng quên chụp lại cây trắng. Mọi người xem đỡ cây đen nha. Cũng y chang sản xuất 2***GB mới nguyên seal. Giờ kiếm đỏ mắt ko thấy shop nào bán chính hãng mà 2023 đâu, ngay cả Apple store VN. Mấy đợt trước mua 12 - 13 - 14 Tiki cũng uy tín như vầy. Không lỗi trầy móp méo, màn hình ko đốm.",1,5178168,5,1704256916,Trần Ngọc Sơn,1703490317
,Cực kì hài lòng,"5* cho máy còn nguyên seal, hàng chính hãng VN/A, mới 100% như tiki cam kết, nhưng 1* cho thái độ bạn đi giao hàng, mình đặt tikinow, lúc giao bạn này tỏ vẻ rất khó chịu, nói chuyện cọc cằn, bạn hỏi sao địa chỉ mình xa vậy mà đặt chi vậy, nếu là người khác đi giao sẽ hủy đơn, tại bạn sẵn chuyến nên đi giao luôn, mình nói địa chỉ này tikinow hỗ trợ nên mình đặt thôi, trong khi đó mình đặt rất nhiều lần rồi, lần nào các bạn giao cũng vui vẻ, dễ chịu. Đề nghị bên Tiki check lại đơn của mình xem hôm đó ai là người đi giao và làm việc lại với bạn đó, nếu không khắc phục được tình trạng này mình sẽ không mua bên tiki nửa.",184,945720,5,1660043992,muasach,1659935314
,Rất không hài lòng,"Mua xài mới có 1 ngày mà đã lỗi, có cuộc gọi tới đổ chuông ko hiển thị, sạc pin thì bị nóng máy, tuộc pin ko phanh, vừa cấm sạc cái hiện lên 5%. Báo trả hàng hoàn tiền thì kêu gửi về tiki kiểm tra, kiểm tra xong báo là đúng lỗi như vậy nhưng phải chờ gửi đi lên hãng kiểm định. Quá rắc rối",1,15052027,1,1703434010,TRAN THUY,1701789765
,Cực kì hài lòng,"Chất lượng sản phẩm của Shop rất tốt đẹp full box chính hãng nguyên seal rất tốt tuyệt vời, Shop đóng gói rất kỹ đẹp, thời gian giao hàng rất nhanh, em chân thành cảm ơn Shop và Anh Shipper rất nhiều ạ💖",20,28830179,5,1676287655,Minh Phương,1676272332
,Cực kì hài lòng,"Mình mua trả góp (chi tiết hình ảnh đính kèm)
Năm sản xuất 2023. Phù hợp với tác vụ thông thường của mình, chỉ tiếc là dòng 12 trở lên mới có mở khoá ngay cả khi đeo khẩu trang (Vật Vờ Studio cũng có chỉ mẹo mở khoá IP11 khi đeo khẩu trang)",3,28677471,5,1696170522,ANH DUY,1695979190
,Cực kì hài lòng,"Tuyệt vời

Apple đã chính thức ra mắt bộ 3 siêu phẩm iPhone 11/Pro/Pro Max, trong đó iPhone 11 là phiên bản tiêu chuẩn dành cho số đông có mức giá rất dễ chịu. Chưa hết, đánh giá iPhone 11 cho thấy máy có thể hạ gục mọi đối thủ Android. 
1. Đánh giá nhanh thiết kế iPhone 11

Thiết kế iPhone 11 không khác nhiều so với các thông tin được rò rỉ trước đó. Và điều khiến tôi thất vọng nhất trong thiết kế là mặt trước. Apple vẫn trung thành với màn hình “tai thỏ”. Trong khi đó các dòng điện thoại cao cấp Android đã sử dụng màn hình notch, màn hình không viền vô cùng ấn tượng. Ngoài ra, một điểm trừ nữa trong thiết kế iPhone 11 là các cạnh viền vẫn còn rất dày tương tự iPhone XR",3,688542,5,1674967848,Len Nguyen,1674712574
,Cực kì hài lòng,Hiện tôi đang bị màn hình có kẻ sọc và chuyển sang màu tối đen khi đi biển. Tôi không biết xử lý như thế nào? Trước đây dùng IPhone 8 tôi cũng mang xuống biển quay Clip có bọc túi chống nước không gặp tình trạng tương tự.,150,10604241,5,1642298876,Hang Bui,1641219891
,Cực kì hài lòng,"Tiki giao hàng sp là ip rất tốt. Chế độ bảo mật cao đối với đơn hàng có giá trị, là khách hàng mình luôn yên tâm về hàng chuẩn chính hãng va không lo gặp hành giả như tiki đã cam kết.
Hàng giao nguyên đai, nguyên kiện và bảo mật cao khi đến tay KH.",1,6954401,5,1668857673,Phuong Nguyen,1668644107
,Hài lòng,"Mình mua sp trên tiki giá trị cao khá nhiều, nhưng đợt tết nghe mấy đv vận chuyển tráo hàng nên mình hơi sợ. Và để đảm bảo mình đến bưu cục để lấy luôn. Máy nhìn chung ok, apple đúng biết cắt cổ ko tặng cục sạc phải mua thêm. Đt mượn do đổi từ samsung qua thử nên dùng hơi chưa quen. Nhìn chung sp ổn giá tốt hơn shop ngoài thị trường, nhưng hơi lo về khâu vận chuyện do đối tác lưu kho lâu. Mn nên mua tiki now để được ship k nên mua tỉnh lẻ quá nhiều rủi ro.",10,1063872,4,1642128504,Nguyễn Văn Triều ,1641880299
,Cực kì hài lòng,"Dù mua hàng ol rất nhiều sàn TMDT khác nhau . Nhưng mỗi khi mua hàng giá trị đều muốn mua ở Tiki 😄 do tiki đóng gói nên yên tâm hẳn , giao đúng hẹn 👍🏻 . Phần nữa bây giờ shipper bên tiki có thay đổi tốt , không còn kiểu nhá máy cho khách xong chưa bắt máy thì báo về hệ thống khách không nghe máy :))) bực việc này nên có 1 thời gian chán mua hàng bên tiki 😄😄 . Giờ mua hàng bên tiki vui vẻ hơn rồi 👍🏻👍🏻 shipper giao hàng đúng hẹn 10 điểm . Máy đẹp 😗",2,1984556,5,1705574866,nguyễn nhi,1705394769
,Cực kì hài lòng,"Hết xẩy nha anh chị em! Camera đẹp, màn hình siêu đẹp, cầm gọn không nặng tay, màu trắng cũng đẹp cực! Tiki giao nhanh hết hồn, giao hàng giá trị có mã OTP nhận rất yên tâm, hộp cũng có chống sốc đầy đủ. Nói chung mua Tiki rất sướng!",30,5157618,5,1674715023,Cao Thai Duy Hien,1674578469
,Cực kì hài lòng,"Giao rất nhanh trong sáng là đã nhận được. Hàng rất đẹp, màu xanh trầm nhìn đẹp lắm. Hàng nguyên seal luôn, máy ngoại hình nhìn qua thấy ổn, đẹp. Xài tầm vài ngày nữa mới biết nhưng ban đầu thấy ok rồi đó. Tiki đóng gói rất cẩn thận. Mình thấy rất hài lòng",40,1635513,5,1651756673,Nguyễn Công Khanh,1651716397
,Cực kì hài lòng,"Điện thoại đẹp, chắc chắn, có tem của tiki để kiểm tra đề phòng hàng bị đánh tráo, mọi người nên quay video khi khui hàng để đảm bảo lợi ích nếu có vấn đề xảy ra. các tính năng khác của điện thoại mình k chuyên k đánh giá được, trừ điểm đơn vị giao hàng, giao hàng chậm trễ, trung chuyển nhiều, hàng giá trị cao, dễ vỡ nên mình lo lắng nhiều",1,10002177,5,1689400436,Tuan Huynh,1689143461
,Cực kì hài lòng,"Giáo hàng đúng hẹn, có gửi tin nhắn OTP trước khi giao hàng, đóng gói cẩn thận, hàng mới đẹp, nhân viên giao hàng thân thiện, cám ơn shop, cám ơn Tiki",1,7538572,5,1693198263,Ta Anh Dung,1692945146
,Cực kì hài lòng,"Đóng gói chắc chắn có bọc lớp giấy bìa ở ngoài và 1 lớp giấy bóng nilong ngoài hộp, sản phẩm mới đẹp giá rẻ hơn 1tr so với mua ở cells hoặc mấy chỗ khác, giao nhanh, bảo mật khi giao hàng khi gửi mã về cho khách hàng",10,5691906,5,1652607215,Dương Đăng,1652589575
,Cực kì hài lòng,"Tiki có hệ thống vận chuyển, shipper riêng nên khi đặt hành điện tử giá trị cao rất yên tâm. Không lo tráo hàng, nhận hàng phải có otp. Đặt hành lúc 22h khuya, hôm sau sáng 9h30 đã nhận được. Gói băng keo kỹ, sp được niêm phong thêm bằng keo của tiki, nếu đã bị gỡ là biết ngay. Nguyên seal, phụ kiện, bảo hành đầy đủ. Màu hồng trên thị trường hiếm với mắc hơn các màu còn lại tầm 1-2tr nhưng trên tiki same same nhau. Đã v trả góp không tốn đồng phí nào. Màu hồng siêu cưng luôn á mng, dùng được 2 tuần rồi, check máy chính hãng bảo hành đầy đủ nhe.",52,471889,5,1641824220,Đoàn Linh,1640788079
,Cực kì hài lòng,"Điện thoại đẹp, màu sang lắm luôn. Tiki bảo mật khi mua hàng tốt và vận chuyển rất ổn. Mình có check cover dt chưa active và bắt đầu kích hoạt bảo hành ngay khi mình active máy. Chất lượng oke. 10 điểm cho Tiki ♥️",10,12075551,5,1654052649,Cao Thị Kiều Oanh,1653974689
,Cực kì hài lòng,"Về chất lượng máy thì chưa sử dụng nên chưa biết ntn.
Nhưng khi nhận máy thì ối dồi ôi:)) máy hơn 20 củ mà tiki đóng gói chán quá cơ. Hộp thì to lắc lắc lắc bên trong có tý giấy vụn thôi. Mở ra thì hộp máy bị móp. Mình có cả video mà ko đăng được.
Nhưng mở máy ra thì okie ko có viết xước cũng như tem còn nguyên.
Trừ 1 sao phần vận chuyển",3,6972869,4,1655958508,Đỗ Vân,1655705411
,Bình thường,"Tiki giao hàng trước dự kiến, tuy nhiên đóng gói hàng không tốt đối với sản phẩm đắt tiền. Chỉ có 2 miếng giấy lót trên dưới rất ẩu, mà không có xốp cố định sản phẩm để tránh va đập. Nilon bọc ngoài điện thoại cũng không phải là loại nilon hạn chế va đập, bọc vô cùng sơ sài. Nói chung khá thất vọng về cách đóng gói sản phẩm có giá trị như vậy của Tiki.",3,1938534,3,1646667905,Do Hai Ninh,1646275300
,Cực kì hài lòng,"Dù mua hàng ol rất nhiều sàn TMDT khác nhau . Nhưng mỗi khi mua hàng giá trị đều muốn mua ở Tiki 😄 do tiki đóng gói nên yên tâm hẳn , giao đúng hẹn 👍🏻 . Phần nữa bây giờ shipper bên tiki có thay đổi tốt , không còn kiểu nhá máy cho khách xong chưa bắt máy thì báo về hệ thống khách không nghe máy :))) bực việc này nên có 1 thời gian chán mua hàng bên tiki 😄😄 . Giờ mua hàng bên tiki vui vẻ hơn rồi 👍🏻👍🏻 shipper giao hàng đúng hẹn 10 điểm . Máy đẹp 😗",2,1984556,5,1705574866,nguyễn nhi,1705394769
,Cực kì hài lòng,"Hết xẩy nha anh chị em! Camera đẹp, màn hình siêu đẹp, cầm gọn không nặng tay, màu trắng cũng đẹp cực! Tiki giao nhanh hết hồn, giao hàng giá trị có mã OTP nhận rất yên tâm, hộp cũng có chống sốc đầy đủ. Nói chung mua Tiki rất sướng!",30,5157618,5,1674715023,Cao Thai Duy Hien,1674578469
,Cực kì hài lòng,"Giao rất nhanh trong sáng là đã nhận được. Hàng rất đẹp, màu xanh trầm nhìn đẹp lắm. Hàng nguyên seal luôn, máy ngoại hình nhìn qua thấy ổn, đẹp. Xài tầm vài ngày nữa mới biết nhưng ban đầu thấy ok rồi đó. Tiki đóng gói rất cẩn thận. Mình thấy rất hài lòng",40,1635513,5,1651756673,Nguyễn Công Khanh,1651716397
,Cực kì hài lòng,"Điện thoại đẹp, chắc chắn, có tem của tiki để kiểm tra đề phòng hàng bị đánh tráo, mọi người nên quay video khi khui hàng để đảm bảo lợi ích nếu có vấn đề xảy ra. các tính năng khác của điện thoại mình k chuyên k đánh giá được, trừ điểm đơn vị giao hàng, giao hàng chậm trễ, trung chuyển nhiều, hàng giá trị cao, dễ vỡ nên mình lo lắng nhiều",1,10002177,5,1689400436,Tuan Huynh,1689143461
,Cực kì hài lòng,"Giáo hàng đúng hẹn, có gửi tin nhắn OTP trước khi giao hàng, đóng gói cẩn thận, hàng mới đẹp, nhân viên giao hàng thân thiện, cám ơn shop, cám ơn Tiki",1,7538572,5,1693198263,Ta Anh Dung,1692945146
,Cực kì hài lòng,"Đóng gói chắc chắn có bọc lớp giấy bìa ở ngoài và 1 lớp giấy bóng nilong ngoài hộp, sản phẩm mới đẹp giá rẻ hơn 1tr so với mua ở cells hoặc mấy chỗ khác, giao nhanh, bảo mật khi giao hàng khi gửi mã về cho khách hàng",10,5691906,5,1652607215,Dương Đăng,1652589575
,Cực kì hài lòng,"Tiki có hệ thống vận chuyển, shipper riêng nên khi đặt hành điện tử giá trị cao rất yên tâm. Không lo tráo hàng, nhận hàng phải có otp. Đặt hành lúc 22h khuya, hôm sau sáng 9h30 đã nhận được. Gói băng keo kỹ, sp được niêm phong thêm bằng keo của tiki, nếu đã bị gỡ là biết ngay. Nguyên seal, phụ kiện, bảo hành đầy đủ. Màu hồng trên thị trường hiếm với mắc hơn các màu còn lại tầm 1-2tr nhưng trên tiki same same nhau. Đã v trả góp không tốn đồng phí nào. Màu hồng siêu cưng luôn á mng, dùng được 2 tuần rồi, check máy chính hãng bảo hành đầy đủ nhe.",52,471889,5,1641824220,Đoàn Linh,1640788079
,Cực kì hài lòng,"Điện thoại đẹp, màu sang lắm luôn. Tiki bảo mật khi mua hàng tốt và vận chuyển rất ổn. Mình có check cover dt chưa active và bắt đầu kích hoạt bảo hành ngay khi mình active máy. Chất lượng oke. 10 điểm cho Tiki ♥️",10,12075551,5,1654052649,Cao Thị Kiều Oanh,1653974689
,Cực kì hài lòng,"Về chất lượng máy thì chưa sử dụng nên chưa biết ntn.
Nhưng khi nhận máy thì ối dồi ôi:)) máy hơn 20 củ mà tiki đóng gói chán quá cơ. Hộp thì to lắc lắc lắc bên trong có tý giấy vụn thôi. Mở ra thì hộp máy bị móp. Mình có cả video mà ko đăng được.
Nhưng mở máy ra thì okie ko có viết xước cũng như tem còn nguyên.
Trừ 1 sao phần vận chuyển",3,6972869,4,1655958508,Đỗ Vân,1655705411
,Bình thường,"Tiki giao hàng trước dự kiến, tuy nhiên đóng gói hàng không tốt đối với sản phẩm đắt tiền. Chỉ có 2 miếng giấy lót trên dưới rất ẩu, mà không có xốp cố định sản phẩm để tránh va đập. Nilon bọc ngoài điện thoại cũng không phải là loại nilon hạn chế va đập, bọc vô cùng sơ sài. Nói chung khá thất vọng về cách đóng gói sản phẩm có giá trị như vậy của Tiki.",3,1938534,3,1646667905,Do Hai Ninh,1646275300
,Cực kì hài lòng,"Tiki Trading là một gian hàng trực tuyến chuyên bán các sản phẩm chính hãng từ các thương hiệu, được Tiki phân phối và bán hàng trực tiếp đến người tiêu dùng. Có thể hiểu Tiki Trading giống như bất kì một shop online bất kỳ bán đa dạng sản phẩm trên nền tảng sàn thương mại Tiki với giá cả khá cạnh tranh.",22,19013048,5,1672207915,Nguyễn Chí Cường,1672047822
,Cực kì hài lòng,Máy đẹp xuất sắc. Màn hình hơi bóng nhưng dán paperlike vào là viết và nhìn khá ổn (dán sẽ bớt độ bóng bẩy của màn hình). Vừa nhận hàng xong là Tiki kích hoạt liền ngày bảo hành. Thân hộp và máy đúng số seri.,6,163539,5,1687330594,Trinh Đặng,1687114143
,Cực kì hài lòng,"đóng thùng to và đệm xốp bong bóng chắc chắn, bên trong là hộp ipad. Chú ý khi mở hộp vì ipad nằm sát trên mặt. Hộp gồm cáp + adapter sạc, cổng lightning. Ipad cũng có jack 3.5mm. Kết nối wifi mượt mà. Nếu không chơi game thì mấy ngày mới phải sạc pin. Lần sạc tầm 2,5 tiếng. Không chụp hình thì bộ nhớ 64Gb dư xài (hệ điều hành và file hệ thống sẽ chiếm khoảng 13Gb bộ nhớ). Máy",4,29015,5,1696668901,Hà Lê Thu  Nga,1695281145
,Hài lòng,"Từng dùng ip7 cam trước rõ nét hơn dù 7MP và đô phân giải thấp hơn , do màn hình lớn cungf độ phân giải thấp nên chụp ảnh portrait mờ , bộ nhớ dùng thêm một số ứng dụng xem trực tuyến,  hạn chế tải , ko mxh , ít chụp mà vẫn khá tốn dùng lượng , 64GB phải dùng tiết chế dữ . Pin m dùng khoảng 4-5 ngày cho k 30p tác vụ nhẹ , cảm ứng vân tay nhạy hơn so với S20ultra , di chuyển ảnh và đa nhiệm đối với người mới dùng MTB như m khá tốt",2,7412662,4,1680138844,Nguyen Thu,1678346472
,Cực kì hài lòng,Đúng mẫu máy mình chọn.Giao hàng nhanh.Đóng gói rất cẩn thận .bảo hành 1 năm.💯💯💯💯💯💯💯💯🥰chuẩn chính hãng🫶🏻🥰 10đ không có nhưng❤️🥰,0,17912814,5,1691221625,Đan Đan,1691199888
,Cực kì hài lòng,Mình mới bắt đầu dùng nên chưa biết chất lượng lâu dài nhưng máy đẹp chắc chắn và dùng khá mượt,0,28814526,5,1707967269,Nguyễn Thị Hạnh,1707887194
,Cực kì hài lòng,"Sản phẩm rất tốt, giá cả hợp lý, xài rất mượt, chơi game nặng thì hơi nhanh nóng máy còn dùng bt thì ok, pin dùng được lâu",0,2168344,5,1709164163, NGUYỄN THU HIỀN,1708895081
,Cực kì hài lòng,"máy moi 100% nguỳen hộp ,rất hài lòng sản phẫm ,nhân viên giao hàng vui vẽ nhiệt tình .minh mua hàng có giá trị thươfng mua trên tiki",1,7489416,5,1689763867,Anh Quyền,1689662158
,Cực kì hài lòng,"Công nhận sử dụng màn hình tần số quét cao 120hz quen rồi giờ quay ra mấy loại 60hz chóng mặt kinh khủng. Ipad gen 9 giá rẻ hoàn thiện cực tốt, phần mềm ngon phù hợp với các bạn thích vẽ trên màn hình, xem phim cực ổn, lướt web hơi chóng mặt vì tần số quét thấp.",0,18633142,5,1690291254,Quyen Le,1690218190
,Cực kì hài lòng,"Mua xong mới phát hiện 
có nút homenicator 😁 vẫn chưa phải nhận dạng khuôn mặt
ko full màn hình 😁
so với Gen 10 thì Gen 10 ok hơn

thanks shop , và anh vận chuyển ok lắm",24,1215459,5,1667791483,TRAN NGOC NGAN,1667716277
,Cực kì hài lòng,"Tiki Trading là một gian hàng trực tuyến chuyên bán các sản phẩm chính hãng từ các thương hiệu, được Tiki phân phối và bán hàng trực tiếp đến người tiêu dùng. Có thể hiểu Tiki Trading giống như bất kì một shop online bất kỳ bán đa dạng sản phẩm trên nền tảng sàn thương mại Tiki với giá cả khá cạnh tranh.",22,19013048,5,1672207915,Nguyễn Chí Cường,1672047822
,Cực kì hài lòng,Máy đẹp xuất sắc. Màn hình hơi bóng nhưng dán paperlike vào là viết và nhìn khá ổn (dán sẽ bớt độ bóng bẩy của màn hình). Vừa nhận hàng xong là Tiki kích hoạt liền ngày bảo hành. Thân hộp và máy đúng số seri.,6,163539,5,1687330594,Trinh Đặng,1687114143
,Cực kì hài lòng,"đóng thùng to và đệm xốp bong bóng chắc chắn, bên trong là hộp ipad. Chú ý khi mở hộp vì ipad nằm sát trên mặt. Hộp gồm cáp + adapter sạc, cổng lightning. Ipad cũng có jack 3.5mm. Kết nối wifi mượt mà. Nếu không chơi game thì mấy ngày mới phải sạc pin. Lần sạc tầm 2,5 tiếng. Không chụp hình thì bộ nhớ 64Gb dư xài (hệ điều hành và file hệ thống sẽ chiếm khoảng 13Gb bộ nhớ). Máy",4,29015,5,1696668901,Hà Lê Thu  Nga,1695281145
,Hài lòng,"Từng dùng ip7 cam trước rõ nét hơn dù 7MP và đô phân giải thấp hơn , do màn hình lớn cungf độ phân giải thấp nên chụp ảnh portrait mờ , bộ nhớ dùng thêm một số ứng dụng xem trực tuyến,  hạn chế tải , ko mxh , ít chụp mà vẫn khá tốn dùng lượng , 64GB phải dùng tiết chế dữ . Pin m dùng khoảng 4-5 ngày cho k 30p tác vụ nhẹ , cảm ứng vân tay nhạy hơn so với S20ultra , di chuyển ảnh và đa nhiệm đối với người mới dùng MTB như m khá tốt",2,7412662,4,1680138844,Nguyen Thu,1678346472
,Cực kì hài lòng,Đúng mẫu máy mình chọn.Giao hàng nhanh.Đóng gói rất cẩn thận .bảo hành 1 năm.💯💯💯💯💯💯💯💯🥰chuẩn chính hãng🫶🏻🥰 10đ không có nhưng❤️🥰,0,17912814,5,1691221625,Đan Đan,1691199888
,Cực kì hài lòng,Mình mới bắt đầu dùng nên chưa biết chất lượng lâu dài nhưng máy đẹp chắc chắn và dùng khá mượt,0,28814526,5,1707967269,Nguyễn Thị Hạnh,1707887194
,Cực kì hài lòng,"Sản phẩm rất tốt, giá cả hợp lý, xài rất mượt, chơi game nặng thì hơi nhanh nóng máy còn dùng bt thì ok, pin dùng được lâu",0,2168344,5,1709164163, NGUYỄN THU HIỀN,1708895081
,Cực kì hài lòng,"máy moi 100% nguỳen hộp ,rất hài lòng sản phẫm ,nhân viên giao hàng vui vẽ nhiệt tình .minh mua hàng có giá trị thươfng mua trên tiki",1,7489416,5,1689763867,Anh Quyền,1689662158
,Cực kì hài lòng,"Công nhận sử dụng màn hình tần số quét cao 120hz quen rồi giờ quay ra mấy loại 60hz chóng mặt kinh khủng. Ipad gen 9 giá rẻ hoàn thiện cực tốt, phần mềm ngon phù hợp với các bạn thích vẽ trên màn hình, xem phim cực ổn, lướt web hơi chóng mặt vì tần số quét thấp.",0,18633142,5,1690291254,Quyen Le,1690218190
,Cực kì hài lòng,"Mua xong mới phát hiện 
có nút homenicator 😁 vẫn chưa phải nhận dạng khuôn mặt
ko full màn hình 😁
so với Gen 10 thì Gen 10 ok hơn

thanks shop , và anh vận chuyển ok lắm",24,1215459,5,1667791483,TRAN NGOC NGAN,1667716277
,Cực kì hài lòng,"mua cho mẹ, rất phù hợp với người có tuổi không đòi hỏi nhiều, hàng nguyên tem chính hãng, nên mua",2,10341986,5,1701263304,Dương Hoàng,1701091609
,Cực kì hài lòng,"Sản phẩm so với giá thì khá ổn nhé! Hàng mới nguyên, mình tự cài đặt ứng dụng cần thiết hết nha (làm theo hướng dẫn là được hết á. hihi) Mua cho phụ huynh lướt web, nghe gọi là ok lắm nha 😁😁😁. Mình đặt 9h rưỡi sáng mà 11h hơn hàng tới tay rùi, nhanh quá luôn. Cho 10 sao ********** 😀",6,23799249,5,1650789580,Huỳnh Trâm,1650767312
,Cực kì hài lòng,"Mình mua cho mẹ dùng vì cảm thấy giá cả ổn và chức năng cũng phù hợp với người lớn tuổi. 
Cảm giác mới cầm đth lên thì đth khá nhẹ, vừa tay. Kiểu dáng thiết kế theo xu hướng ( màn hình, camera). Các bạn xem review youtube sẽ rõ chức năng hơn. Tiền nào của nấy, nhưng với giá này thì dth như vậy mình cảm thấy rất ổn. Phù hợp với các bạn sinh viên và người lớn tuổi có nhu cần đơn giản mà giá nhẹ nhàng. Hơn nữa Xiaomi là thương hiệu đã được khẳng định nên ko lo lắng nhiều. 
Recomended nha",33,20025381,5,1611755287,Ngân Trần,1611615602
,Cực kì hài lòng,"Hình ảnh sắc nét, máy chạy rất mượt. Tiki giao hàng từ hcm ra ngoài hà nội rất nhanh. Máy chạy không nóng, pin khá lâu, có hai sim thích hợp sử dụng cơ bản",4,5198737,5,1660367463,Lưu Xuân Bình,1659950483
,Cực kì hài lòng,"[CSKH] Chúc mừng năm mới Tân Sửu 2021. Kính chúc Quý khách năm mới hạnh phúc, an khang và thịnh vượng. MobiFone trân trọng cám ơn Quý khách hàng đã luôn đồng hành và ủng hộ trong thời gian qua.",0,27701371,5,1660718511,thu hương,1656669935
,Hài lòng,"Điện thoại giá rẻ, đầy đủ chức năng. Tiki giao hàng nhanh, đóng gói cẩn thận, nguyên seal. Xét về hiệu năng hoạt động thì thấy máy chạy chậm, hay bị đơ máy, k mượt  dù chạy ứng dụng cơ bản.",0,942960,4,1675838990,Hoàng T Nga,1671958456
,Rất không hài lòng,"Lần đầu tiên tôi đặt hàng trên tiki quá là thất vọng, vừa thiếu phụ kiện lại còn nói những lời khó nghe, không cho kiểm tra hàng nếu muốn kiểm tra phải có CMND mình nghĩ chắc chắn sẽ giở trò gì nên mình mới không cho, cuối cùng thì cũng cho kiểm tra nếu tiki làm ăn chân chính thì chắc sẽ cho khách kiểm tra đàng hoàng rồi, tôi sẽ kiện tiki về việc làm ăn bát nháo, lừa đảo,anh chị em nào nhìn thấy bài viết này rồi đừng nên đặt hàng trên tiki nữa nếu không tin thì thử mới biết...?",1,22685628,1,1627194112,Đã Đến Với Nhau,1626628396
,Cực kì hài lòng,Camera chụp kg sắc nét mấy. Nói chung là với tầm giá đó thì ok ah. Còn bền hay kg đợi dùng thời gian đã rồi viết đánh giá sau ah,0,9140677,5,1684730571,Maria Hồng Nhung,1684675104
,Rất không hài lòng,"Điện thoại xài tầm 2 tháng bị lỗi phần mềm, liên tục bị đơ máy, bộ nhớ 32G nhưng chỉ hiển thị khả dụng 22G, ổ cắm là Micro sd chứ hk phải Type C ( lỗi 1 phần do mình không đọc kĩ) nói chung quá tệ so với bản redmi 8.",0,533103,1,1674537990,Tâm Lê Trần,1661592829
,Cực kì hài lòng,"Máy không quá cồng kềnh, nhẹ, hỗ trợ 4G/LTE, hợp với người lớn tuổi. Chất lượng so với giá cả là vượt kỳ vọng. 5 SAO.",0,1105768,5,1706950780,anh Giang,1706879695
,Cực kì hài lòng,"mua cho mẹ, rất phù hợp với người có tuổi không đòi hỏi nhiều, hàng nguyên tem chính hãng, nên mua",2,10341986,5,1701263304,Dương Hoàng,1701091609
,Cực kì hài lòng,"Sản phẩm so với giá thì khá ổn nhé! Hàng mới nguyên, mình tự cài đặt ứng dụng cần thiết hết nha (làm theo hướng dẫn là được hết á. hihi) Mua cho phụ huynh lướt web, nghe gọi là ok lắm nha 😁😁😁. Mình đặt 9h rưỡi sáng mà 11h hơn hàng tới tay rùi, nhanh quá luôn. Cho 10 sao ********** 😀",6,23799249,5,1650789580,Huỳnh Trâm,1650767312
,Cực kì hài lòng,"Mình mua cho mẹ dùng vì cảm thấy giá cả ổn và chức năng cũng phù hợp với người lớn tuổi. 
Cảm giác mới cầm đth lên thì đth khá nhẹ, vừa tay. Kiểu dáng thiết kế theo xu hướng ( màn hình, camera). Các bạn xem review youtube sẽ rõ chức năng hơn. Tiền nào của nấy, nhưng với giá này thì dth như vậy mình cảm thấy rất ổn. Phù hợp với các bạn sinh viên và người lớn tuổi có nhu cần đơn giản mà giá nhẹ nhàng. Hơn nữa Xiaomi là thương hiệu đã được khẳng định nên ko lo lắng nhiều. 
Recomended nha",33,20025381,5,1611755287,Ngân Trần,1611615602
,Cực kì hài lòng,"Hình ảnh sắc nét, máy chạy rất mượt. Tiki giao hàng từ hcm ra ngoài hà nội rất nhanh. Máy chạy không nóng, pin khá lâu, có hai sim thích hợp sử dụng cơ bản",4,5198737,5,1660367463,Lưu Xuân Bình,1659950483
,Cực kì hài lòng,"[CSKH] Chúc mừng năm mới Tân Sửu 2021. Kính chúc Quý khách năm mới hạnh phúc, an khang và thịnh vượng. MobiFone trân trọng cám ơn Quý khách hàng đã luôn đồng hành và ủng hộ trong thời gian qua.",0,27701371,5,1660718511,thu hương,1656669935
,Hài lòng,"Điện thoại giá rẻ, đầy đủ chức năng. Tiki giao hàng nhanh, đóng gói cẩn thận, nguyên seal. Xét về hiệu năng hoạt động thì thấy máy chạy chậm, hay bị đơ máy, k mượt  dù chạy ứng dụng cơ bản.",0,942960,4,1675838990,Hoàng T Nga,1671958456
,Rất không hài lòng,"Lần đầu tiên tôi đặt hàng trên tiki quá là thất vọng, vừa thiếu phụ kiện lại còn nói những lời khó nghe, không cho kiểm tra hàng nếu muốn kiểm tra phải có CMND mình nghĩ chắc chắn sẽ giở trò gì nên mình mới không cho, cuối cùng thì cũng cho kiểm tra nếu tiki làm ăn chân chính thì chắc sẽ cho khách kiểm tra đàng hoàng rồi, tôi sẽ kiện tiki về việc làm ăn bát nháo, lừa đảo,anh chị em nào nhìn thấy bài viết này rồi đừng nên đặt hàng trên tiki nữa nếu không tin thì thử mới biết...?",1,22685628,1,1627194112,Đã Đến Với Nhau,1626628396
,Cực kì hài lòng,Camera chụp kg sắc nét mấy. Nói chung là với tầm giá đó thì ok ah. Còn bền hay kg đợi dùng thời gian đã rồi viết đánh giá sau ah,0,9140677,5,1684730571,Maria Hồng Nhung,1684675104
,Rất không hài lòng,"Điện thoại xài tầm 2 tháng bị lỗi phần mềm, liên tục bị đơ máy, bộ nhớ 32G nhưng chỉ hiển thị khả dụng 22G, ổ cắm là Micro sd chứ hk phải Type C ( lỗi 1 phần do mình không đọc kĩ) nói chung quá tệ so với bản redmi 8.",0,533103,1,1674537990,Tâm Lê Trần,1661592829
,Cực kì hài lòng,"Máy không quá cồng kềnh, nhẹ, hỗ trợ 4G/LTE, hợp với người lớn tuổi. Chất lượng so với giá cả là vượt kỳ vọng. 5 SAO.",0,1105768,5,1706950780,anh Giang,1706879695
,Cực kì hài lòng,"Hình ảnh xoay ngang đọc chữ to hơn, nhưng phần nội dung 1 trang sẽ chia thành 2 phần, phải nhấp 2 lần mới hết trang. Xoay dọc thì chữ đầy một trang sách nhưng đổi lại chữ khá nhỏ. Tốc độ phản hồi thì có phần chậm, ai xài MTB quen rồi thì sử dụng kindle phải làm quen với độ nhạy chuyển hình chậm này. Đăng nhập và chuyển tải file qua máy khá nhanh, đọc ban đêm rất ổn, dùng chung với bao da thì máy sẽ nặng hơn 1 tí, còn ko có bao thì siêu nhẹ, ko sợ mỏi tay khi cầm lâu.",0,183920,5,1708605945,Thái Ngọc Thắng,1706349250
,Cực kì hài lòng,"Quá ưng luôn. 
Nỗi đau khổ khi bị mất con kindle ppw4 đã mau chóng bay vèo khi nhận được em ppw5. 
Màn hình màu ấm rất tuyệt vời, máy màu denim cũng rất đẹp và sang. 
Shop gửi tặng cái ốp da màu Denim nữa, đỉnh  ghê. Cám ơn shop tinh tế",1,1054513,5,1702472967,Amy Nguyen,1702273542
,Hài lòng,Rõ ràng mua Green mà gửi Denim về cho tui nhá. Ko thèm hoàn đơn nữa vì đã chờ con máy mấy ngày liền rồi. Buồn ghê luôn. Màu ko đc như ý. Nhg ko chấp với shop nheng. Máy xịn xò ko lỗi lầm gì đọc sáng cái con mắt. Cho 4* thui vì cố ts gửi màu khác. Chắc màu green hết rồi chứ gì. Tui bit ngay các shop khác cũng ko còn.,0,1508657,4,1698816745,Đoàn Hằng,1698420034
,Cực kì hài lòng,Tiki giao hàng khá nhanh. Máy thì lần đầu mình dùng phải để lâu lâu mới đánh giá được máy có tốt hay không. Nhưng nhìn quả giao diện khá đẹp mắt và chất lượng. Hy vọng với việc chi gần 4 củ này mình sẽ chăm chỉ đọc sách hơn thay vì ngồi lướt web.,0,5795878,5,1698998030,Cao Kiến Trung,1698889756
,Cực kì hài lòng,"Máy gọn nhẹ, shop cho bản kid không quảng cáo và thêm bao da rất đẹp, đời này cùng cổng sạc C nên rất tiện. Máy đọc rất thích đặc biệt là ngồi bus đi làm. Hai hôm nay không còn dùng điện thoại trước khi ngủ nữa mà là ôm em này. Sẽ cố gắng thay thế thói quen xấu từ lướt điện thoại trước khi ngủ sang đọc sách trước khi ngủ.",33,392927,5,1655300672,Nguyễn Văn Phương,1655020677
,Hài lòng,"Hàng tốt, đúng mô tả, quà tặng đầy đủ. Đây là lần đầu tiên mình sử dụng kindle trải nghiệm quá tuyệt khi mình có thể vừa nằm trên giường vừa đọc được sách, shop cũng tặng cho một cái bao da nữa, mình trừ 1 sao vì bên ship chậm mất một ngày.",0,25647380,4,1661503977,Kiên Trung,1661059604
,Cực kì hài lòng,"Sản phẩm được rao là tặng kèm bao da, nhưng thực tế ship đến không có. Sau khi phản hồi thì shop đã xử lý nhanh chóng. Đánh giá lại vì thái độ phục vụ tốt của shop. Về sản phẩm Kindle thì hoàn toàn hài lòng.",0,1023256,5,1701009367,Vũ Kiều Anh,1700837477
,Cực kì hài lòng,"Rất tuyệt. Có điều nếu dùng cả bao thì hơi to, cầm 1 tay đọc sẽ bị mỏi.
Hình ảnh sắc nét, góc nhìn rộng. Dark mode rất tuyệt.",2,2134612,5,1682173397,Nguyen Chien Thang,1681894377
,Cực kì hài lòng,"Đúng như nhà sản xuất thông báo về sản phẩm. Shop bán hàng rất nhiệt tình, giao hàng nhanh chóng. Mới mua và dùng cảm nhận pin chắc không được 10 tuần (vì mình và mọi người thay nhau đọc sách cả ngày, chắc phải mua thêm cái nữa),",0,7479266,5,1711116604,Lê Đức Thông,1710841231
,Cực kì hài lòng,"Máy nhẹ, cầm nắm chắc tay, đỡ mỏi tay hơn khi cầm sách 

Màn hình đem lại trải nghiệm như đọc sách giấy

Dịch vụ bán hàng tốt, giá cả và ưu đãi cạnh tranh",0,1725562,5,1690952902,Bội Mẫn,1690592467
,Cực kì hài lòng,"Hình ảnh xoay ngang đọc chữ to hơn, nhưng phần nội dung 1 trang sẽ chia thành 2 phần, phải nhấp 2 lần mới hết trang. Xoay dọc thì chữ đầy một trang sách nhưng đổi lại chữ khá nhỏ. Tốc độ phản hồi thì có phần chậm, ai xài MTB quen rồi thì sử dụng kindle phải làm quen với độ nhạy chuyển hình chậm này. Đăng nhập và chuyển tải file qua máy khá nhanh, đọc ban đêm rất ổn, dùng chung với bao da thì máy sẽ nặng hơn 1 tí, còn ko có bao thì siêu nhẹ, ko sợ mỏi tay khi cầm lâu.",0,183920,5,1708605945,Thái Ngọc Thắng,1706349250
,Cực kì hài lòng,"Quá ưng luôn. 
Nỗi đau khổ khi bị mất con kindle ppw4 đã mau chóng bay vèo khi nhận được em ppw5. 
Màn hình màu ấm rất tuyệt vời, máy màu denim cũng rất đẹp và sang. 
Shop gửi tặng cái ốp da màu Denim nữa, đỉnh  ghê. Cám ơn shop tinh tế",1,1054513,5,1702472967,Amy Nguyen,1702273542
,Hài lòng,Rõ ràng mua Green mà gửi Denim về cho tui nhá. Ko thèm hoàn đơn nữa vì đã chờ con máy mấy ngày liền rồi. Buồn ghê luôn. Màu ko đc như ý. Nhg ko chấp với shop nheng. Máy xịn xò ko lỗi lầm gì đọc sáng cái con mắt. Cho 4* thui vì cố ts gửi màu khác. Chắc màu green hết rồi chứ gì. Tui bit ngay các shop khác cũng ko còn.,0,1508657,4,1698816745,Đoàn Hằng,1698420034
,Cực kì hài lòng,Tiki giao hàng khá nhanh. Máy thì lần đầu mình dùng phải để lâu lâu mới đánh giá được máy có tốt hay không. Nhưng nhìn quả giao diện khá đẹp mắt và chất lượng. Hy vọng với việc chi gần 4 củ này mình sẽ chăm chỉ đọc sách hơn thay vì ngồi lướt web.,0,5795878,5,1698998030,Cao Kiến Trung,1698889756
,Cực kì hài lòng,"Máy gọn nhẹ, shop cho bản kid không quảng cáo và thêm bao da rất đẹp, đời này cùng cổng sạc C nên rất tiện. Máy đọc rất thích đặc biệt là ngồi bus đi làm. Hai hôm nay không còn dùng điện thoại trước khi ngủ nữa mà là ôm em này. Sẽ cố gắng thay thế thói quen xấu từ lướt điện thoại trước khi ngủ sang đọc sách trước khi ngủ.",33,392927,5,1655300672,Nguyễn Văn Phương,1655020677
,Hài lòng,"Hàng tốt, đúng mô tả, quà tặng đầy đủ. Đây là lần đầu tiên mình sử dụng kindle trải nghiệm quá tuyệt khi mình có thể vừa nằm trên giường vừa đọc được sách, shop cũng tặng cho một cái bao da nữa, mình trừ 1 sao vì bên ship chậm mất một ngày.",0,25647380,4,1661503977,Kiên Trung,1661059604
,Cực kì hài lòng,"Sản phẩm được rao là tặng kèm bao da, nhưng thực tế ship đến không có. Sau khi phản hồi thì shop đã xử lý nhanh chóng. Đánh giá lại vì thái độ phục vụ tốt của shop. Về sản phẩm Kindle thì hoàn toàn hài lòng.",0,1023256,5,1701009367,Vũ Kiều Anh,1700837477
,Cực kì hài lòng,"Rất tuyệt. Có điều nếu dùng cả bao thì hơi to, cầm 1 tay đọc sẽ bị mỏi.
Hình ảnh sắc nét, góc nhìn rộng. Dark mode rất tuyệt.",2,2134612,5,1682173397,Nguyen Chien Thang,1681894377
,Cực kì hài lòng,"Đúng như nhà sản xuất thông báo về sản phẩm. Shop bán hàng rất nhiệt tình, giao hàng nhanh chóng. Mới mua và dùng cảm nhận pin chắc không được 10 tuần (vì mình và mọi người thay nhau đọc sách cả ngày, chắc phải mua thêm cái nữa),",0,7479266,5,1711116604,Lê Đức Thông,1710841231
,Cực kì hài lòng,"Máy nhẹ, cầm nắm chắc tay, đỡ mỏi tay hơn khi cầm sách 

Màn hình đem lại trải nghiệm như đọc sách giấy

Dịch vụ bán hàng tốt, giá cả và ưu đãi cạnh tranh",0,1725562,5,1690952902,Bội Mẫn,1690592467
